synset_id,modifies_noun_id
22,196
21,196
23,1998
25,196
26,196
27,196
35,196
36,748
37,196
38,196
48,748
83,196
85,196
100,196
113,196
115,196
122,923
124,923
118,923
118,689
118,652
152,196
158,689
160,748
163,183
163,387
164,11814
167,183
167,387
168,923
169,183
169,387
1945,196
1946,11814
1947,923
1948,923
1982,923
1996,387
1997,923
2000,387
2001,1998
2002,387
2039,183
2040,387
2040,12149
2041,1585
2069,923
2104,689
2104,1973
2112,923
2112,1998
2112,183
2112,652
2113,387
2114,1998
2115,923
2129,196
2130,923
2130,1998
2136,387
2137,387
2137,12149
2138,387
2138,12149
2139,1998
2141,689
2150,923
2150,652
2150,12149
2151,652
2151,73
2160,748
2162,183
2175,1973
2175,2025
2212,183
2213,923
2214,196
2219,1585
2220,387
2220,12149
2226,196
2230,196
2231,196
2233,748
2235,923
2236,387
2237,7908
2237,652
2242,2968
2247,923
2248,689
2253,387
2253,12149
2254,387
2254,689
2255,183
2256,748
2257,689
2257,2968
2262,387
2263,196
2264,387
2264,183
2265,196
2271,196
2272,196
2276,923
2276,12149
2278,387
2279,196
2280,1998
2280,923
2285,196
2286,387
2287,196
2288,183
2288,652
2288,73
2289,196
2290,387
2290,12149
2291,1998
2291,923
2292,748
2293,1973
2294,748
2295,196
2298,196
2299,196
2302,12149
2302,652
2302,923
2312,748
2313,923
2314,196
2315,183
2316,878
2316,689
2334,923
2335,20
2339,196
2344,878
2344,12149
2347,5828
2348,923
2348,6326
2350,201
2350,99
2351,3259
2352,923
2353,923
2353,6326
2356,196
2358,1957
2359,12149
2360,196
2360,923
2361,878
2361,3345
2362,878
2362,3345
2362,2968
2366,748
2378,1585
2379,7607
2379,923
2386,923
2389,923
2389,196
2390,923
2390,748
2403,923
2403,1998
2403,12149
2403,652
2409,196
2409,2022
2410,127
2411,2968
2411,1758
2412,1758
2415,2551
2417,196
2418,196
2418,689
2419,923
2419,652
2419,12149
2424,387
2425,3558
2433,923
2434,689
2434,2968
2435,196
2436,3874
2436,7607
2437,3874
2438,196
2438,689
2439,196
2444,196
2448,923
1470,923
2449,689
2449,1973
2449,4352
2450,387
2451,923
2451,1998
2451,7770
2452,689
2452,905
2453,689
2453,923
2454,923
2455,923
2455,689
2456,689
2456,923
2457,923
2457,689
2457,196
2458,196
2460,923
2460,689
2462,196
2474,196
2474,3562
2474,1209
2475,196
2481,196
2481,47
2481,2087
2482,1961
2483,196
2483,2484
2483,3525
2489,1998
2489,923
2489,12149
2489,652
2490,196
2491,196
2492,923
2493,923
2493,7607
2494,923
2494,2968
2495,196
2497,652
2499,923
2500,923
2500,748
2500,6956
2503,4422
2503,605
2505,2958
2515,196
2516,748
2517,196
2520,196
2521,1585
2521,7607
2537,5828
2537,6431
2538,7607
2538,3874
2539,689
2539,7606
2546,387
2547,2934
2547,7553
2548,2968
2549,183
2550,2968
2552,1998
2560,923
2561,923
2562,3019
2562,2968
2562,689
2563,689
2574,923
2574,196
2579,196
2579,5307
2581,196
2582,196
2594,1998
2595,748
2595,652
2596,196
2600,7608
2600,923
2601,923
2603,748
2607,3108
2608,923
2608,7553
2608,3874
2608,7607
2609,689
2609,6936
2609,923
2609,196
2613,196
2618,196
2622,923
2622,1998
2623,878
2626,689
2626,2968
2626,905
2627,1998
2629,196
2633,2074
2633,196
2634,387
2634,12149
2637,923
2640,196
2641,196
2642,748
2643,3325
2645,196
2651,689
2651,196
2658,748
2662,689
2663,652
2672,3826
2672,3052
2674,7606
2677,878
2678,196
2679,196
2680,1897
2680,47
2681,923
2681,7607
2682,2186
2682,2196
2685,923
2686,923
2686,3282
2687,7908
2688,923
2688,1627
2688,1998
2696,12149
2696,625
2697,662
2698,196
2700,196
2701,196
2702,689
2702,196
2703,196
2704,196
2705,196
2707,748
2708,2325
2718,196
2720,2183
2721,923
2744,196
2745,196
2746,6264
2747,196
2748,196
2769,3345
2770,923
2773,196
2774,196
2775,748
2779,196
2780,196
2781,196
2782,196
2786,4422
2788,689
2816,1585
2822,923
2822,5489
2823,923
2823,689
2825,923
2825,196
2831,923
2831,196
2831,47
2832,923
2832,196
2836,689
2836,2934
2837,196
2839,6538
2841,196
2844,196
2846,196
2847,196
2850,923
2851,923
2852,196
2852,923
2853,196
2856,662
2858,1585
2859,1585
2862,923
2864,689
2865,1998
2866,1585
2871,2968
172,196
179,923
2947,196
2948,196
2964,196
3001,689
3002,183
3002,73
3026,3259
3026,12149
3026,652
3013,689
29,748
3167,923
1989,47
1989,1897
2976,923
2976,3530
2976,689
2849,196
3255,196
2981,748
2982,196
2983,196
3064,923
3066,689
3066,2968
3072,923
2632,923
2632,652
23872,387
23872,652
23872,12149
3076,923
3076,1973
3083,196
3090,387
3090,12149
3090,652
3091,923
3092,878
3092,846
3093,923
3093,12149
3094,5828
3095,196
3102,196
3111,2176
2319,923
3179,923
3180,923
3180,196
3180,689
3181,4037
3183,748
3183,878
3186,387
3186,183
3187,196
1359,923
1359,12149
2414,689
3194,689
3195,196
3196,196
3196,1627
3200,6765
3200,5489
3200,196
3207,196
161,3645
1918,923
3210,2968
3209,2954
3211,81
3211,680
1990,748
3214,1423
3217,196
1217,387
3267,923
3267,652
32578,196
3268,3345
3269,923
3244,923
3244,12149
2079,387
2079,12149
3313,878
3313,2968
3314,923
3314,12149
3351,748
2830,748
2830,4821
3353,748
3371,748
166,183
166,923
197,183
197,923
3420,1897
3422,196
2923,1585
3450,387
3464,387
3465,196
3465,183
3467,748
3468,1998
3468,923
2,183
3668,1998
26424,923
26424,1973
26445,387
26445,689
3543,196
3545,689
3545,196
3572,196
3573,196
1092,183
3595,689
3595,196
3595,923
3611,196
3687,196
2249,196
2924,196
2461,196
3703,196
3710,196
3709,196
3704,923
1914,923
1914,652
1914,12149
3713,196
3714,923
1831,748
3715,196
1832,923
3705,1830
3716,20
3706,1830
3706,1973
3706,3735
3707,923
3707,689
2442,923
2440,196
2441,1998
3719,196
2443,923
1355,1249
3078,923
3079,387
188,183
2328,923
2328,1627
3349,923
1366,923
1370,689
1370,4352
1368,196
1368,183
1369,923
1369,196
1354,1998
1007,183
1007,5583
3331,2934
3750,387
5365,387
28,387
1,47
8,1998
3,196
3,923
7,196
30,196
31,196
33,748
39,196
41,196
42,748
43,196
60,387
60,183
61,196
84,196
86,196
88,878
101,196
102,196
114,196
145,3345
140,11814
144,923
162,923
198,387
199,387
199,183
187,387
187,12149
187,652
192,196
192,923
192,3282
193,183
194,748
195,387
195,183
202,196
209,387
211,2484
211,196
247,196
248,196
248,2968
249,387
249,652
249,183
265,5948
323,748
325,196
325,748
326,196
327,689
328,196
328,10729
329,689
348,923
349,689
350,196
351,689
365,923
364,923
366,271
417,923
417,748
447,628
448,628
483,3833
493,923
493,689
517,1998
517,923
518,689
518,923
518,652
520,196
525,2954
522,923
530,196
540,923
539,748
541,2954
542,196
543,196
544,196
545,748
547,387
560,748
548,689
548,923
548,652
548,12149
578,652
578,689
549,689
549,652
577,689
550,923
550,183
579,689
579,652
579,196
579,923
580,20
576,689
576,2968
645,2349
646,2349
656,748
657,748
667,923
668,1998
665,196
664,196
663,748
669,748
670,196
671,73
671,689
671,196
690,1961
691,748
699,12149
700,183
717,183
716,196
729,689
729,1585
767,196
767,10729
764,387
764,12149
764,652
766,387
766,652
766,12149
765,12149
765,652
765,387
790,183
788,1585
789,12149
789,923
797,183
820,387
821,923
832,196
28672,7252
834,196
835,689
836,689
867,387
868,7766
866,196
869,387
870,387
870,183
872,387
872,183
873,387
873,183
874,923
893,923
898,183
899,689
900,1585
919,387
918,387
934,652
934,689
935,387
936,12149
937,1973
938,923
938,183
939,1973
941,387
941,12149
941,652
959,3860
959,1423
960,3860
960,1423
970,923
970,73
970,183
969,923
969,73
969,183
983,748
981,387
981,183
981,652
1004,12149
1004,923
1014,923
1015,923
1016,81
1016,680
1027,2954
1028,2954
1033,923
1034,2022
1039,196
1047,1249
1047,923
1049,196
1076,923
1076,652
1077,2022
1078,196
1087,183
1088,1249
1095,1585
1096,12149
1096,387
1096,692
1097,689
1105,196
1107,748
1108,748
1109,196
1110,196
1112,387
1112,1585
1113,923
1113,689
1114,689
1115,7908
1119,689
1125,387
1125,12149
1125,73
1125,652
1126,748
1127,475
1128,196
1129,689
1129,12149
1129,652
1129,73
1130,923
1130,689
1131,689
1132,387
1132,183
1132,652
1133,387
1133,12149
1133,652
1134,387
1134,10729
1136,183
1136,12014
1136,923
1138,196
1139,387
1139,12149
1140,196
1141,1249
1143,387
1143,12149
1122,196
1122,923
1122,3282
1149,196
1156,1998
1157,689
1159,923
1160,11814
1161,196
1164,73
1164,183
1158,2176
1163,387
1168,387
1169,196
1171,196
1175,923
1176,748
1177,923
1178,923
1180,923
1181,923
1167,387
1189,923
1192,183
1193,652
1193,387
1193,183
1228,923
1229,196
1247,6326
1248,6326
1248,923
1253,196
1254,387
1255,387
1256,923
1259,1957
1266,923
1266,196
1283,196
1285,1961
1284,196
1288,748
1445,748
1289,923
1291,1973
1296,387
1324,196
1323,196
1326,923
1327,183
1328,1973
1328,923
1329,196
1331,748
1334,748
1339,923
1338,923
1337,2954
1336,196
1348,923
1348,689
1344,387
1344,12149
1344,652
1345,748
1350,183
1350,652
1351,183
1351,652
1351,183
1352,387
1352,183
1353,196
1362,387
1362,652
1362,183
1322,387
1322,10729
1322,183
1363,196
1363,10729
1364,196
1365,923
1360,923
1367,387
1400,196
1400,10729
1401,1961
1401,923
895,652
895,183
1349,196
1414,923
1414,12149
1414,387
1414,652
1415,923
1415,652
1415,12149
1417,196
1418,183
1418,196
1418,6939
1419,1046
1419,2954
1426,605
1430,196
1444,748
1446,196
1450,923
1478,12149
1480,878
1480,183
1480,923
1481,652
1477,652
1482,12149
1485,652
1485,10729
1485,748
1523,183
1523,923
1555,923
1568,1973
1573,196
1569,196
1590,12149
1591,1249
1598,923
1598,12149
1600,196
1605,183
1599,183
1606,748
1610,196
1611,196
1611,923
1657,923
1657,12149
1657,652
1560,183
1650,183
1655,689
1656,196
1660,196
28671,6471
1661,923
1661,878
1661,12149
1661,652
1668,196
1668,10729
1668,923
1672,196
1670,196
6565,196
1674,196
1675,196
1676,196
1703,923
1703,10729
2731,4821
2731,189
1725,196
1729,196
1729,923
1763,196
1774,923
1774,12149
1775,12149
1775,923
1773,4422
1795,196
1796,748
1809,387
1817,196
1822,196
1824,196
1825,196
1828,196
1834,183
1835,923
1837,923
1838,858
1840,923
1844,1585
1848,1585
1849,183
1849,923
1853,2968
1810,183
1808,196
1648,196
1815,923
1815,196
1847,387
1847,12149
1823,387
1823,12149
1781,923
1782,923
1805,923
1772,923
1806,923
1915,196
1916,1973
1916,923
1916,12149
1917,748
3413,923
1846,12149
2382,923
2382,1998
2932,196
2945,196
3028,689
1777,1973
1777,923
1777,12149
1944,11814
2005,183
2007,183
2007,923
2033,923
2033,183
2033,1998
1213,196
1214,387
1214,12149
1214,652
1225,196
1239,662
1332,5307
1333,748
1330,1249
1335,1249
1356,196
1357,196
1410,11814
1420,2954
1469,2968
1479,1830
1473,2176
1487,923
1488,923
1489,20
1490,923
2045,923
2062,748
747,748
2082,183
2081,183
2084,11814
1512,11814
2090,923
2090,183
2098,1957
2099,8154
2099,8155
2100,387
2101,923
2101,183
2101,387
2121,11814
2140,196
943,196
2145,652
1667,1973
2211,923
2211,748
2221,689
2221,923
8378,183
2227,196
1513,748
1514,196
1608,1585
1612,1585
2365,3408
2365,1758
2250,1998
2251,1998
2252,1897
2277,196
2281,183
2282,2968
2283,662
2284,923
1515,183
1515,196
1165,196
1614,1998
1615,748
1616,2954
1619,196
1619,10729
1620,923
1620,196
1620,183
1463,196
1465,196
1466,196
1194,196
1195,2954
1196,387
2296,923
2301,923
2301,1998
2303,196
2304,4352
2305,387
2305,12149
2305,652
2326,196
2327,196
2336,5705
2336,689
2337,923
2341,923
2381,196
2383,196
942,196
1150,923
968,196
967,196
2404,923
2404,748
26501,923
26501,748
2405,196
2406,196
2406,4821
2416,196
2420,6939
2420,196
2421,196
2422,923
2423,196
2459,923
2459,565
2506,196
2536,923
2580,196
847,748
2597,3905
2597,923
420,196
2630,1630
1172,1630
2631,923
2644,196
910,196
2646,196
2648,196
1173,923
2652,748
618,2954
2564,748
2572,12149
2572,652
2572,923
619,748
620,748
2694,196
2694,689
2694,652
2694,73
3466,1585
3469,689
3469,923
2909,196
2908,196
2992,7066
2756,196
2783,2873
2783,2742
2789,196
2790,196
2798,1880
2801,1723
2806,196
2809,923
2575,5307
897,689
897,923
494,1585
494,689
860,196
1680,923
4244,923
2591,3282
1820,923
1820,1998
2840,196
2473,1585
2867,196
2893,196
2874,1998
1821,196
2926,2968
2926,689
2930,196
1449,1973
2949,196
2950,196
2952,196
2946,196
2966,1973
3011,196
2989,689
3043,923
1682,923
3082,2325
3084,858
3089,1585
3089,1973
3151,5489
3151,6765
3127,2484
3164,196
3164,923
3166,923
3166,1376
3168,923
3168,652
3168,12149
3169,923
3169,689
3189,689
3190,689
2149,689
3199,196
3206,196
3208,196
3212,923
3213,196
3242,183
3256,196
3178,196
3178,5489
3178,2659
3287,1776
3240,196
3240,5489
3297,196
3328,196
3341,196
3379,3345
3393,689
3407,689
3407,652
3471,196
3478,196
3481,2954
3494,196
3518,1998
3521,196
3522,1423
3541,183
3541,387
3540,1998
3540,689
3540,2968
3540,923
3542,652
3542,689
3556,2186
3569,196
3571,196
3577,7290
3578,196
3584,196
3585,20
3587,4256
3587,7350
3587,689
3599,196
3636,652
3636,689
3636,196
3650,3799
3650,628
3653,5489
3658,196
3660,387
3661,3259
3292,1249
3663,387
3669,183
3669,923
26421,923
26421,12149
3673,196
3675,196
3683,689
3684,3259
3688,748
3701,1973
3702,196
3702,923
3711,748
3708,689
3708,3345
3712,923
3720,923
3744,196
3745,196
3746,387
3746,652
3758,6997
3760,689
3761,689
3774,196
3775,689
3775,1998
3775,923
3797,196
3800,662
3801,923
3808,923
3808,1998
3809,196
3809,689
3810,196
3811,672
3811,5705
3837,196
3837,923
3791,196
3791,923
3835,196
3838,4729
3846,2934
3846,689
3850,387
3850,12149
3850,652
3851,923
3854,196
3854,47
3863,196
3861,196
3866,923
3898,923
3917,196
3919,196
3927,923
3950,196
3930,387
3930,12149
3930,652
3932,923
4961,923
4961,1998
4961,689
3944,12149
3943,923
3943,12149
3943,652
3946,689
3946,196
3946,923
3949,5307
6191,5307
3642,923
3642,748
3962,923
3992,196
3993,7802
3993,2934
3999,196
3807,196
4000,196
4002,652
4002,689
3391,652
3391,689
4003,923
4004,652
4005,923
4006,652
4008,1423
4009,6939
4010,923
4016,196
4017,196
4018,923
26594,923
26594,12149
4020,196
4021,652
4021,923
4022,923
4040,387
4040,12149
4040,652
4041,73
4041,1585
4042,1585
4050,5466
4050,652
4050,196
3506,196
4056,196
4057,196
4059,196
4060,196
4086,1957
4086,923
4087,923
4096,1843
4029,1998
4029,923
4029,12149
4062,689
4133,2325
4135,387
4135,12149
4135,652
5159,7083
4137,196
4524,662
4138,923
4138,1973
4146,196
4147,196
4153,923
4153,689
4153,196
4153,652
4155,2954
4166,689
4166,923
4162,1249
4167,196
4173,1583
4177,1583
4196,923
4196,689
4209,196
879,196
4218,923
4218,183
4227,689
4228,652
4228,183
4229,196
4259,99
4276,196
4281,748
4288,196
4350,923
4351,652
4367,923
4367,689
4367,1998
4382,196
10,3833
90,2325
112,1998
32,196
4396,1930
4401,2954
4402,2954
4451,923
4451,1973
4452,1583
4453,196
4454,196
4455,196
4459,196
4459,689
4463,1583
4457,1583
4456,923
4470,196
4472,4821
4472,196
4473,387
4473,652
4473,12149
4477,20
4482,689
4483,923
4484,689
4486,923
4492,196
4512,923
4517,196
4518,1998
4518,923
4518,689
4526,196
4528,196
4533,923
4533,196
4533,689
4534,196
4535,1973
4562,196
4571,196
4572,196
4580,196
4580,689
4580,923
4588,923
4601,923
7523,923
4603,923
4608,689
4608,652
4619,196
4625,196
4626,923
4626,183
4626,652
4632,1901
4681,196
4684,196
4684,689
4700,196
4712,196
4713,196
4714,923
266,923
4725,1830
4787,1973
4789,196
4789,1973
4790,1954
4798,923
4799,923
1933,196
4458,196
4466,196
4466,689
4469,196
486,923
486,689
557,183
4803,923
4803,99
4804,652
4806,1585
4806,148
4807,196
4807,10729
4808,923
4808,652
4815,1961
4832,748
4834,196
4854,923
4855,923
4856,923
4856,689
4864,652
4865,20
4866,196
4867,196
4869,2954
4871,689
871,387
871,652
871,12149
856,689
844,196
840,165
701,196
4903,196
4904,196
4928,196
4946,923
4947,923
4947,689
4947,652
4948,923
4962,923
1151,3390
5010,196
5037,748
5053,4508
5073,196
5089,196
5097,923
5104,165
5106,165
5109,1830
5110,20
5111,20
5115,196
5117,1973
5118,689
1968,196
4775,196
4641,196
4987,748
5428,387
5428,12149
5428,652
4525,387
2006,744
2006,1637
4527,196
4529,196
4531,923
4532,20
4563,923
4563,6549
4607,689
4607,652
5493,689
5493,387
5493,652
5477,196
5476,387
5472,196
5463,923
5462,387
5425,689
5424,923
5424,1973
5423,748
5422,748
5421,196
5409,1973
5407,923
5406,923
5396,1249
5395,387
5395,652
5395,12149
5394,196
5393,196
5389,196
5372,196
5366,387
5364,1585
5363,689
5363,923
5342,387
5342,12149
5342,652
5326,2954
5324,196
5317,196
5248,387
5248,689
5251,196
5258,923
5258,652
5276,689
5276,1998
5295,196
5231,923
5223,923
5223,748
5204,923
5204,689
5205,923
5206,923
5206,689
5214,196
5154,196
5163,923
5163,196
5163,652
5163,12149
5174,689
5174,652
5511,923
5513,748
5516,1998
5516,923
5519,196
5527,196
5528,196
5534,748
5541,196
5592,196
5595,923
5606,196
5607,846
5610,196
5613,1249
5635,923
5644,196
5657,923
5690,387
5690,12149
5690,652
5704,744
5729,2476
10716,387
10716,923
4530,196
1111,196
1137,196
5730,689
5730,652
5738,196
5741,1998
5742,748
5744,923
5748,201
5750,1249
5751,923
5752,923
5753,689
5753,923
5754,196
5755,652
5757,2183
1240,196
1273,196
1276,196
5809,923
1407,196
1409,196
1421,923
1422,923
1453,923
1511,923
1561,923
5834,196
5542,196
5909,923
5909,1973
5908,748
5968,196
5994,923
5996,923
6005,923
6006,1583
6006,652
6010,8402
6020,748
6021,923
6052,4168
6061,4202
6079,196
6080,689
6081,196
5923,196
6091,196
4504,183
4504,387
4504,652
4564,923
4564,652
4893,923
4893,652
6115,923
6115,652
6115,12149
6124,196
6124,4821
6129,689
6129,652
6149,1423
5884,744
6727,744
6161,196
6175,196
6175,47
6108,387
6108,12149
6108,652
6188,1973
6190,20
6192,923
6217,196
6219,196
6220,923
6244,689
6244,923
6249,1901
6265,744
6299,5218
6294,165
6306,689
6306,6809
6308,689
6308,923
6309,4202
6309,689
6317,8402
6319,689
6348,923
6348,652
6348,689
6351,744
6367,196
6368,6809
6375,1830
6377,3345
6380,748
6383,923
6389,387
6389,12149
6389,652
6390,387
6390,12149
6390,652
6393,923
6469,2954
6435,8402
6806,748
6878,652
6878,689
6878,923
6889,689
6889,652
6889,923
6912,689
6912,652
6915,689
6915,652
6929,923
7011,81
7011,680
6742,923
6495,20
10222,20
6491,1585
7087,1585
6489,689
11106,183
6487,748
6485,689
6485,923
6944,6264
5176,6264
6246,923
6246,689
6163,1973
5530,196
7411,387
9606,196
5793,1249
5790,1249
5795,2349
5814,196
5837,1585
5837,3345
5916,923
6503,748
6501,748
6508,387
6508,183
6511,196
6512,387
6520,923
6527,183
6528,1973
6528,10729
6528,387
6530,196
6535,748
6541,748
6541,923
6542,7607
6542,689
6543,689
6544,183
6548,196
6561,923
6600,196
6600,10729
6638,923
6650,923
6608,1998
6608,923
6614,196
6625,196
6645,196
6770,196
6771,748
6774,3645
3929,858
6846,748
6853,923
6525,196
6526,196
6567,923
6571,923
6599,923
6656,923
6666,196
6704,290
6710,5307
6772,748
6716,196
6881,196
6870,4352
6820,923
6682,923
6821,689
6821,923
6683,689
6683,923
6851,3345
6859,923
6865,923
6867,2954
6871,196
6868,183
6868,923
6868,196
6877,196
6909,923
6909,1973
6902,923
6902,1973
6924,923
6931,748
6925,923
6961,923
7036,196
7037,923
6977,923
7043,165
6992,81
6992,680
7055,7440
7055,10729
7504,1961
7513,196
7123,2176
7123,923
7137,196
7158,923
7158,652
7160,923
7160,1998
8029,748
7163,689
7204,196
7206,2022
7215,923
7216,196
7227,196
7319,923
7399,196
50,196
7323,12149
7323,923
7409,748
3112,923
7524,196
7973,923
7990,923
7576,689
7602,3264
7638,196
8017,4495
7870,748
7866,748
7173,1973
7704,1973
7704,3345
519,1998
519,923
8046,387
4336,1236
515,923
7617,923
7631,689
6662,1899
7633,5218
7633,4352
7609,923
7662,923
7687,923
7690,196
7695,1973
7695,196
7699,748
7701,196
7702,196
7716,923
7738,923
7777,923
7781,923
7794,923
7817,387
7817,689
7844,748
7844,652
7849,923
7849,183
25266,3051
7851,1998
7851,923
7851,689
7851,652
7852,196
7863,923
7863,689
7873,11450
7964,196
7912,748
7917,748
7931,196
7935,689
7935,387
7946,923
7947,748
7953,387
7953,689
7993,748
7993,923
7958,196
6713,7766
6713,689
7320,196
7098,1998
7380,923
7075,923
7017,923
5740,923
5776,12149
5776,652
5682,196
5685,196
5655,387
5655,689
5655,652
5674,196
5674,689
5915,196
8005,387
8008,387
8024,73
8024,387
8024,183
8025,183
8025,923
8034,387
8034,652
8034,183
8035,748
8056,196
8055,1973
8072,748
8078,1249
8097,196
8097,282
8129,10729
8133,923
8133,652
8133,12149
8189,196
8192,4352
8202,387
8202,12149
8202,652
8211,1998
8211,923
8211,183
8213,1249
8214,1249
8236,923
8236,73
8237,183
8246,923
8253,748
7597,923
8269,183
8269,923
8286,196
8294,923
8304,923
8850,652
8850,923
8359,748
9393,196
8585,196
9398,387
9398,183
9408,3645
9421,923
9421,183
9500,1318
9501,923
9506,923
9513,183
9514,7015
9517,1973
9517,923
9521,923
9520,20
9558,2954
9558,5307
9581,183
8054,748
8073,923
8073,196
8089,923
8089,183
8089,652
9596,923
8074,196
8075,748
9589,387
9589,12149
9589,652
9591,923
9595,196
9598,387
9598,12149
9598,652
9599,652
9599,183
9599,923
9604,923
9604,1998
9614,923
9614,183
9614,387
9622,1957
9622,923
9643,923
8159,923
8159,12148
8159,652
8195,3057
8215,183
8235,923
8235,1627
8240,923
8256,2022
8263,748
8292,748
8297,196
8306,923
9652,748
9652,3345
9667,748
9668,196
7782,196
9679,196
8332,923
9592,183
9592,923
9592,652
9569,196
9569,183
9689,183
9689,923
9689,652
9699,923
9702,923
9703,387
9703,183
9713,923
8366,12149
8366,387
9731,183
9731,923
9735,73
8081,183
9756,196
9765,748
9779,748
8373,165
8374,652
8374,183
8381,923
8381,1998
8388,196
8395,11814
8399,196
8400,10729
8400,196
8404,923
8404,652
8404,183
9782,2954
9792,183
9785,183
9794,196
9812,196
9813,923
9817,183
9817,923
9819,183
9820,923
9820,183
9820,652
8387,748
9821,923
9831,923
9867,923
9876,165
9895,923
9902,183
9902,387
9905,923
9931,923
9937,923
9937,183
9937,387
9923,196
9946,748
9952,923
9953,1585
9977,183
10000,196
8424,20
8472,183
8476,196
8487,196
8510,387
8510,12149
8510,652
8561,387
8561,183
8561,652
8562,387
8562,12149
8562,652
8563,387
8563,12149
8563,652
8564,387
8564,183
8564,652
8565,387
8565,183
8565,652
8566,387
8566,652
8566,183
8567,196
8570,1585
8570,3345
8572,183
8572,923
8590,196
8598,387
8598,183
8599,10729
8604,1925
8607,923
8600,923
8600,183
8601,923
8601,183
5058,183
5058,652
5058,387
8611,196
8619,196
8623,1249
8629,923
8630,923
8640,923
8640,652
8643,387
8643,183
8806,923
8812,387
8812,183
8812,652
8814,387
8814,652
8814,12149
8817,387
8817,183
8817,652
8818,183
8818,652
8818,387
8667,196
8679,923
8684,196
8699,20
8702,923
8723,923
8734,196
8736,387
8736,12149
8736,652
8739,196
8741,387
8741,12149
8741,652
8757,387
8757,652
8757,12149
8763,923
8764,923
8764,12149
8778,923
8778,183
8780,183
8780,387
8781,387
8781,183
8781,652
8782,652
8782,183
8782,387
8783,387
8783,183
8783,652
8789,196
8796,183
8796,387
8797,12149
8797,387
8797,652
8851,3860
8862,923
8876,923
8876,183
10014,2484
10015,196
10017,748
10018,183
10018,748
10021,183
10021,923
10026,196
10030,196
10033,183
10033,652
10033,387
10036,387
10040,196
10040,387
10047,923
10048,923
10048,183
10057,923
10057,387
10063,923
10063,183
10063,652
10064,183
10064,923
10064,652
10069,387
10079,387
10079,183
10079,652
10080,1998
10083,793
10091,196
10096,196
10098,923
10098,183
10099,2022
11000,387
11000,183
11000,652
11004,387
11004,183
11004,923
10101,183
10120,923
10132,748
10133,748
10172,183
10172,923
10174,923
10177,196
10182,923
10182,652
10182,387
10184,9967
10186,183
10186,652
10195,196
10198,387
10199,387
10203,923
10203,652
10204,196
10204,923
10205,183
10213,183
10213,652
10213,923
10214,923
10214,183
10214,652
10215,183
10215,923
10220,196
10225,7954
10244,1973
10244,923
10245,748
10246,923
10251,923
10253,196
10254,923
10257,2954
10258,196
10259,196
10260,923
10261,196
516,1973
516,196
10268,923
10269,387
10271,183
10271,652
10272,4791
10273,387
10273,12149
10273,652
10274,387
10274,12149
10274,652
10277,196
10278,196
10281,196
10287,183
10287,2968
10287,652
10287,923
10288,196
10289,748
10289,652
10291,196
10302,20
10301,3051
10305,196
10307,748
10308,748
10309,748
10320,3345
10341,12149
10342,387
10342,183
10342,652
10345,183
10345,652
10351,387
10351,183
10351,652
10365,183
10371,923
10371,652
10371,3860
10378,196
10392,387
10392,183
10412,196
613,748
12127,1998
12127,923
10405,3390
12135,3390
10416,748
10420,1925
10430,1698
10436,387
10436,183
10443,923
666,923
10456,183
10467,12149
10467,923
10477,923
10484,923
10553,923
10559,12149
10559,652
10566,2954
10574,183
10574,923
10574,387
10588,12149
10588,387
10588,652
10602,923
10608,748
10613,923
10614,923
10615,183
10615,652
3903,183
3903,652
10616,923
10620,923
10625,387
10625,923
10625,652
10625,12149
754,748
768,196
10673,923
10673,183
10676,183
7099,748
10679,387
10679,652
10679,183
10692,923
10696,923
10705,923
10706,923
10708,196
10708,10729
10709,387
10710,183
10718,196
10725,196
10731,923
10732,183
10736,196
10738,196
10739,196
10740,196
10741,196
10752,748
10782,196
819,923
10789,387
10789,12149
10789,652
10792,652
10792,12149
10792,387
10793,387
10793,12149
10793,652
823,3874
823,196
10807,387
10807,652
10807,12149
10808,387
10808,652
10808,12149
10812,387
10812,12149
10812,652
10813,12149
10813,387
10834,12149
10834,387
10815,387
10815,183
10815,652
845,196
10819,196
10820,196
10821,923
10821,2968
10828,196
10877,196
10878,1957
10882,387
10882,12149
10882,652
10883,3282
10895,923
10895,652
10895,183
10907,5307
10908,183
10912,387
10912,12149
10912,652
10922,183
10925,387
10925,183
10932,2954
10937,387
10937,183
10937,652
10941,923
10948,387
10948,12149
10948,652
10967,183
10983,387
10983,12149
10986,387
10986,12149
10986,652
894,923
894,12149
10999,387
10999,183
10999,652
11016,923
11019,2954
11028,387
11028,12149
11028,652
11033,196
11048,387
11048,12149
11048,652
11054,748
11072,183
11075,923
11075,12149
11075,652
11075,3860
11078,923
11092,183
11092,652
11093,196
11101,923
11101,183
11102,662
11109,923
11109,183
11111,183
11111,923
11112,923
11115,183
11115,652
11119,73
11119,183
11119,387
11123,923
971,196
1226,196
11126,923
11133,923
11134,196
11138,387
11155,387
11155,12149
11155,652
11168,387
11168,183
11168,652
980,1973
980,5466
10913,923
986,73
986,652
986,183
11208,923
11208,73
11230,748
11231,3345
11243,196
11244,923
11244,183
11244,652
11246,196
11247,2954
11259,923
11259,1973
11270,923
11320,387
11320,183
11320,652
11320,73
11321,387
11321,652
11321,73
11326,652
11326,73
11332,196
11333,387
11333,183
11342,923
11347,923
11344,196
11344,10729
11346,196
11346,10729
11354,2954
11355,10729
11355,196
11355,652
7004,10729
7004,196
7004,652
7004,3025
11379,923
11379,652
11429,387
11429,183
11429,652
11440,748
11527,748
12462,9967
11636,748
11655,923
8746,150
11658,150
11680,923
11680,1998
1162,196
11688,387
11689,387
11692,748
11692,923
11693,748
11705,923
11709,923
11709,748
11710,748
11710,923
11712,923
6382,923
11722,6264
11723,6264
11749,196
11755,387
11755,183
11755,652
11766,196
11766,10729
11774,923
11789,387
11792,196
11795,196
11801,748
11801,923
11805,196
11811,748
11813,923
11813,12149
11813,652
11827,923
11827,8412
11827,652
11908,923
11908,12149
11911,387
11912,387
11927,923
12009,748
12039,923
12041,3345
12048,923
12068,387
12068,12149
12083,196
12084,196
12094,923
12095,923
12096,923
12097,923
12098,923
4959,196
12102,748
12102,923
12103,1961
12104,1961
1325,196
12124,923
12124,183
12154,923
12163,858
12164,858
12190,923
12190,12149
12190,652
12252,748
12255,387
12255,12149
12255,652
12264,1583
12264,9967
12266,9967
12266,923
12271,748
12271,923
12279,183
12300,196
12313,387
12313,12149
12313,652
12313,73
12340,923
12349,923
12351,387
12352,11814
12353,387
7759,387
12354,9967
12354,11814
12355,12149
12355,73
12358,923
5288,748
6325,196
12389,923
12390,923
12393,196
12401,196
12405,196
12406,196
12409,4890
12469,196
12471,183
12472,183
12472,73
12477,183
12486,387
12486,12149
12525,387
12528,923
12530,923
12530,183
12531,2318
12533,2318
12532,1998
12536,196
12536,10729
12549,183
12549,923
12549,652
12549,73
11365,923
12552,196
12568,183
12568,923
12577,196
12578,196
12579,923
12579,12149
12588,183
12588,923
12609,196
12614,923
12621,9903
12622,387
12622,183
12623,387
12630,387
12630,183
12636,923
12644,1998
12644,10729
12655,196
1408,387
1408,652
1408,689
12800,387
12767,923
12765,748
12765,923
12764,196
12764,10729
12763,923
12761,387
12751,387
12751,12149
12751,652
12750,652
12750,12149
12750,387
12737,923
12733,183
12733,387
12733,652
12715,923
12714,748
12708,1973
12708,923
12695,923
12695,183
12695,652
12691,652
12689,196
3300,10729
3300,748
3928,196
3380,8150
5967,196
3798,196
3806,196
5880,196
5880,183
6480,183
6480,387
11765,12149
11765,387
11765,652
6839,196
7005,183
7005,923
7187,196
7187,6167
7366,183
7373,923
7373,183
7438,378
7438,12149
7438,652
7768,196
7779,12149
7779,923
7911,748
7986,652
7986,196
8448,12149
8448,652
8448,2968
8518,183
8595,183
8594,923
8594,12149
3804,196
10393,923
11228,2022
11228,10729
11228,748
11706,923
3299,196
13116,1998
13136,748
13136,923
13137,492
13139,492
3621,196
9121,5307
5078,923
13271,7574
13271,923
5820,183
5820,923
13226,2954
6540,387
6540,183
6972,923
6995,748
6675,1998
6675,923
5047,923
8597,748
8597,2074
8985,923
8985,1583
9008,387
9008,12149
9009,196
9062,923
9292,1973
9292,1998
9571,196
10733,748
10833,744
2004,923
2004,1998
2080,183
2080,923
126,923
13814,387
13814,12149
13814,652
2117,923
2117,183
2126,748
13812,387
13812,12149
13812,652
13811,387
13811,12149
13811,652
13810,387
13810,12149
13810,652
2384,196
13809,387
13809,12149
13809,652
10837,387
10837,12149
10837,652
13806,387
13806,12149
13806,652
9486,387
9486,12149
9486,652
13804,387
13804,12149
13804,652
13803,387
13802,628
13799,387
13799,12149
13799,652
9039,387
9039,12149
9039,652
13798,387
13798,12149
13798,652
13795,196
13794,387
13794,12149
13794,652
13793,387
13793,12149
13793,652
13791,387
13791,12149
13791,652
13788,387
13788,12149
13788,652
13787,387
13787,12149
13787,652
13781,387
13781,12149
13781,652
13780,387
13780,12149
13780,652
13779,387
13779,12149
13779,652
13777,387
13777,12149
13777,652
9487,387
9487,12149
9487,652
13774,387
13774,12149
13774,652
13773,387
13773,12149
13773,652
13772,387
13772,12149
13772,652
9040,387
9040,12149
9040,652
13769,387
13769,12149
13769,652
13767,387
13767,12149
13767,652
13766,387
13766,12149
13766,652
13761,387
13761,12149
13761,652
9027,387
9027,12149
9027,652
13760,387
13760,12149
13760,652
13758,387
13758,12149
13758,652
13757,387
13757,12149
13757,652
13754,923
13753,387
13753,12149
13753,652
13750,387
13750,12149
13750,652
13749,387
13749,12149
13749,652
13747,387
13747,12149
13747,652
13746,387
13746,12149
13746,652
13744,387
13744,12149
13744,652
13743,387
13743,12149
13743,652
13742,387
13742,12149
13742,652
13741,387
13741,12149
13741,652
9041,387
9041,12149
9041,652
3873,387
3873,12149
3873,652
13738,387
13738,12149
13738,652
13737,387
13737,12149
13737,652
13734,387
13734,12149
13734,652
13043,387
13043,12149
13043,652
13730,387
13730,12149
13730,652
8942,2019
8942,196
8946,196
8946,10729
8954,923
8954,183
8958,923
8959,183
8959,923
8966,20
8979,923
8980,923
8980,12149
8980,652
8981,923
8981,10729
9013,1925
13728,387
13728,12149
13728,652
9332,387
9332,12149
9332,652
13726,387
13726,12149
13726,652
13725,387
13725,12149
13725,652
9042,387
9042,12149
9042,652
13723,387
13723,12149
13723,652
12964,387
12964,12149
12964,652
9085,387
9085,12149
9085,652
9084,387
9084,12149
9084,652
13717,387
13717,12149
13717,652
13715,387
13715,12149
13715,652
13713,387
13713,12149
13713,652
13712,387
13712,12149
13712,652
13709,387
13709,12149
13709,652
9315,387
9315,12149
9315,652
9037,387
9037,12149
9037,652
9179,387
9179,12149
9179,652
9167,387
9167,12149
9167,652
6963,387
6963,12149
6963,652
13703,196
13687,196
13685,923
13683,923
13682,923
13681,923
13680,1998
13679,923
13651,923
13651,1973
13645,923
13635,1973
13635,196
13631,1998
13630,387
13828,387
9019,387
9019,12149
9019,652
9020,387
9020,12149
9020,652
9024,387
9024,12149
9024,652
9026,196
9031,923
9032,183
9032,387
9038,1957
13629,387
12801,923
12801,12149
13626,923
13626,99
13626,183
12804,20
12811,923
12838,923
12838,652
13606,387
12842,12149
12842,923
12847,923
12848,1249
12849,1249
13607,387
13607,12149
13607,652
12851,387
12851,12149
12851,652
12852,12149
12852,652
12852,387
12862,196
12863,196
12864,923
12864,183
13604,923
13604,12149
12872,183
12872,652
12872,923
13832,387
13603,748
12882,20
12883,923
12897,196
12897,73
12898,196
12900,196
12884,923
13834,923
13833,923
13593,196
13591,12149
12921,748
13583,12149
13582,652
13582,12149
13567,196
13567,923
12947,196
12949,1585
12950,196
12951,923
12952,923
12953,652
13557,923
13556,923
13839,387
13547,12149
13547,923
13548,196
9261,196
12966,387
12966,183
12967,387
12967,183
13842,12149
13842,923
13537,196
13844,196
9061,12149
13535,923
180,20
13848,923
13849,923
13849,183
13513,12149
13851,2025
13014,3139
13020,923
13484,196
13483,196
13483,923
13042,20
13482,923
13482,12149
13855,923
13855,12149
13856,923
13856,12149
13051,196
13859,196
13859,10729
13052,1998
13472,387
13472,12149
13057,923
13471,387
13471,12149
13080,183
13080,923
13445,923
13444,183
13089,196
13440,196
13431,923
13108,20
13418,196
13405,923
13405,196
13405,12149
13144,923
13148,923
13167,1998
13167,923
13090,1998
13091,923
13365,196
13364,196
13364,923
13363,387
13363,12149
13363,652
13362,196
13362,10729
13361,387
13172,744
13172,1998
13180,744
13181,744
13187,196
13188,8402
13189,196
13208,923
13356,387
13356,12149
13352,196
13352,10729
13225,196
9069,196
9070,923
9070,12149
9071,196
13325,196
13325,10729
13324,923
13324,12149
13238,923
13304,387
13304,12149
13300,196
13295,387
13295,12149
13293,196
13246,196
13288,387
13284,196
13282,387
13282,12149
9106,387
9106,12149
13278,196
13277,196
13276,12149
13256,923
13275,12149
13274,387
13274,12149
13274,652
13258,12149
13258,652
13258,387
13270,923
13270,12149
13270,652
13269,196
13269,12149
13269,652
13267,923
13264,923
9497,11814
9493,748
9488,387
9488,652
9488,12149
4602,12149
4602,923
4630,923
9464,652
9464,387
9464,12149
9453,923
4577,12149
4577,652
7916,923
7916,748
7965,923
1896,923
1896,12149
4788,11814
4868,748
4954,196
9886,748
13232,12149
13232,923
9441,923
13889,196
9429,196
7998,196
9390,652
9390,12149
9390,3860
9389,652
9101,183
9101,923
9378,748
9372,11814
13899,923
13902,923
9118,387
9118,12149
9118,652
9120,3558
9122,748
9123,923
9124,923
9129,3645
9132,183
9137,196
9139,7083
9141,652
9342,387
9342,652
9342,12149
9341,387
9341,652
9341,12149
9338,387
9338,652
9338,12149
9337,387
9337,652
9337,12149
9336,387
9336,652
9336,12149
9160,9967
9324,387
9324,652
9324,12149
9322,923
9162,196
9166,12149
9166,652
9314,148
13927,923
13927,183
9188,923
13929,196
9298,387
9298,183
9297,196
9296,387
9296,652
9296,12149
9290,652
9290,12149
9289,652
9289,12149
9289,923
9287,923
9196,923
9278,196
9275,387
9275,652
9275,12149
9258,196
9253,923
9216,4037
9215,196
9210,748
9209,923
9240,387
9240,652
9240,12149
9238,923
9238,196
9226,923
9226,652
9226,12149
5147,923
9212,12149
9212,652
4913,923
4829,387
4634,387
4634,652
4634,12149
3662,652
3662,12149
3662,387
4658,196
4659,196
12633,196
3074,387
7430,744
7449,923
7383,387
7383,652
7383,12149
12071,652
12071,387
12093,196
12126,196
12138,196
11984,923
11984,12149
12493,923
12493,196
12495,923
12551,923
12632,387
12632,652
12632,12149
12065,387
12065,12149
12065,652
11372,923
11372,12149
11372,652
12669,12149
12669,652
12669,387
12670,12149
12670,387
12670,652
12675,12149
12675,652
12309,12149
12309,923
12312,196
10894,923
10894,2971
12381,652
12381,12149
12381,196
12382,923
12382,652
10914,1585
10964,387
10964,652
10964,12149
11009,3860
11009,652
11009,12149
11010,387
11010,652
11010,12149
11014,387
11014,652
11014,12149
11015,387
11015,652
11015,12149
11017,387
11017,652
11017,12149
11030,923
11031,923
11032,923
9564,923
9873,1585
12496,1423
11080,387
11080,12149
11080,652
11088,12149
11098,652
11098,12149
11098,73
10284,387
10119,196
10119,10729
10124,196
10142,196
10171,196
11223,183
11241,652
11241,12149
11242,196
11242,10729
10029,923
10029,183
11363,652
11363,12149
11374,12149
11374,652
11374,387
11380,387
10413,923
10413,12149
10413,652
10656,387
10656,12149
10656,652
11444,387
11455,748
11455,605
11476,923
11476,12149
10810,387
10810,12149
10810,652
10799,923
10799,652
10363,12149
10363,652
3941,12149
3941,652
11548,196
8529,923
8529,12149
8455,196
11695,1500
11695,1998
11724,923
11724,196
11735,196
11757,196
11763,387
11763,12149
11763,652
11764,196
8291,196
13939,1925
13940,1925
11802,652
11816,748
11915,12149
11916,12149
8752,1427
12193,923
12193,12149
12215,196
12215,652
12216,923
12216,748
12217,923
12217,748
12217,652
6564,196
13177,2954
6583,652
4942,196
12118,12149
12118,387
6746,923
6746,652
6746,12149
11806,923
6930,923
6990,196
7000,387
7000,12149
7616,923
7616,12149
7665,923
7665,652
7665,12149
7648,923
12768,196
12768,923
7470,923
7470,652
7470,12149
5881,196
7582,1998
7928,387
7928,652
7928,12149
7929,387
7929,652
7929,12149
7930,748
7936,1998
7957,196
7987,196
7987,652
5285,196
5285,10729
6949,196
6949,10729
7100,923
6162,387
8531,12149
8531,387
9155,196
8406,387
8406,652
8406,12149
5645,387
13013,923
7726,387
7763,196
7763,652
8854,10888
13969,923
13969,652
13969,12149
13971,387
13971,12149
13972,387
13972,12149
13983,748
13986,923
14004,8402
14013,923
14013,196
14027,2349
14027,2551
14031,14031
14034,1973
14052,183
14060,923
14066,652
14083,196
14084,196
14085,387
14085,12149
14086,387
14086,12149
14092,196
14092,12149
14114,196
14122,1998
14130,196
14131,2074
14139,923
14146,923
14146,748
14148,12149
14150,4409
14160,744
14174,196
14177,165
14189,923
14189,6326
14212,387
14212,12149
14212,652
14214,387
14214,652
14214,12149
14217,387
14217,12149
14217,652
14219,387
14219,12149
14219,652
14220,387
14220,12149
14220,652
14222,923
14222,12149
14222,652
14229,2025
14235,923
14235,12149
14235,652
14242,3345
14267,748
14275,923
14275,1973
14279,923
14279,12149
14281,923
14281,12149
14282,923
14297,196
14343,387
14349,20
14366,387
14366,652
14366,12149
14373,748
14374,1500
14357,183
14378,923
14259,183
14390,748
14406,2954
14407,748
14408,748
14419,20
14431,878
14432,196
14432,5643
14437,196
14438,744
14443,923
14444,2183
14448,748
14461,2954
14500,196
14515,923
14520,1500
14531,923
14531,12149
14531,652
14533,196
14533,12149
14556,183
14556,196
14564,183
14571,923
14583,196
14591,748
14604,652
14607,3735
14613,196
14624,652
14624,12149
14635,20
14638,1210
14639,923
14640,923
14640,12149
14640,652
14645,196
14658,387
14677,387
14687,196
14695,652
14713,196
14716,923
14722,9967
14723,9967
14724,9967
14725,9967
14726,9967
14727,9967
14728,9967
14729,9967
14730,9967
14737,923
14737,183
14745,923
6726,12149
14750,196
14750,652
14750,12149
14766,4495
14768,2105
14778,1973
14779,196
14798,2954
14831,196
14832,662
14837,2954
14840,923
14840,196
14840,12149
14901,923
14910,196
14911,923
14915,2954
14920,7295
14927,2349
14932,183
14932,5583
14932,652
14956,923
14958,387
14958,12149
14967,748
14973,492
14977,748
14978,1998
14979,748
1728,748
14982,2758
14983,387
14983,12149
14985,923
14989,1998
14992,6939
14992,652
15008,7263
15009,7263
15010,196
15017,7606
15017,171
15017,177
15018,923
15019,923
15020,196
15020,183
15021,196
15022,196
15023,923
15029,4651
15040,20
15043,923
15044,652
15056,923
15057,2182
15061,12878
15060,2968
15060,183
15082,3871
15093,387
15093,12149
15093,652
15094,387
15094,652
15094,12149
15097,387
15097,652
15097,12149
15098,387
15098,652
15098,12149
15100,387
15100,652
15100,12149
15107,387
15107,652
15107,12149
15117,923
15116,923
15130,20
15136,1583
15136,11835
15138,387
15138,12149
15138,652
15140,387
15140,652
15140,12149
15145,2954
15162,5552
15171,196
15172,923
15180,492
15180,2183
15181,3860
15184,104
15187,923
15188,923
15198,1998
15205,923
15206,923
15216,196
15219,196
15221,923
15234,923
15238,196
15243,183
15260,748
15262,748
15264,387
15264,12149
15273,196
15273,1973
15277,387
15277,12149
15279,923
15280,387
15280,12149
15282,923
15283,196
15284,196
15284,12149
15284,652
15287,387
15287,652
15287,12149
15295,12853
15294,923
15294,12149
15294,652
15296,923
15293,923
15299,196
15300,196
15315,196
15320,748
15321,923
15322,923
15327,6326
15341,425
15341,8891
15356,923
15356,12149
15359,923
15362,923
15362,748
15364,196
15364,183
15364,923
15363,196
15366,1973
15366,10729
15367,923
15372,923
15372,748
15373,196
15375,792
15408,923
15408,196
15408,12149
15409,196
15409,923
15409,12149
15418,6326
15418,923
15434,748
15440,196
15440,748
15459,196
15466,923
15466,652
15466,12149
15467,923
15467,652
15469,196
15470,171
15471,196
15475,748
15476,748
15477,196
15478,923
15478,12149
15478,652
15479,923
15479,748
15482,923
15482,1998
15483,12149
15483,923
15483,652
15484,748
15498,923
15498,12149
15503,923
15503,748
15504,183
15505,183
15505,923
15506,923
15506,12149
15508,12149
15510,196
15511,923
15512,923
15512,652
15512,12149
15517,748
15523,748
15533,923
15540,923
15554,923
15559,3649
15560,196
15564,923
15566,748
15567,923
15576,652
15576,12149
15575,652
15575,12149
15574,652
15574,12149
15577,744
15579,923
15589,748
15605,748
15605,923
15607,748
15609,923
15609,12149
15609,652
15617,2954
15620,923
15621,923
15621,748
15626,923
15626,1998
15633,196
15634,923
15634,1998
15635,748
15636,923
15669,923
15672,923
15672,748
15687,387
15687,652
15687,12149
15686,387
15686,652
15686,12149
15690,387
15690,12149
15690,652
15692,387
15692,12149
15692,652
15694,387
15694,652
15694,12149
15693,387
15693,12149
15693,652
15697,387
15697,652
15697,12149
15699,387
15699,12149
15699,652
15700,387
15700,652
15700,12149
15701,387
15701,652
15701,12149
15703,387
15703,12149
15703,652
15706,387
15706,652
15706,12149
15707,387
15707,652
15707,12149
15688,387
15688,12149
15688,652
15713,387
15713,652
15713,12149
15714,387
15714,652
15714,12149
15715,387
15715,12149
15715,652
15718,387
15718,652
15718,12149
15724,387
15724,12149
15724,652
15725,387
15725,652
15725,12149
15729,387
15729,12149
15729,652
15728,387
15728,652
15728,12149
15730,387
15730,652
15730,12149
15733,387
15733,12149
15733,652
15735,387
15735,12149
15735,652
15736,387
15736,12149
15736,652
15739,387
15739,12149
15739,652
15740,387
15740,12149
15740,652
15742,387
15742,12149
15742,652
15744,387
15744,12149
15744,652
15746,387
15746,12149
15746,652
15747,387
15747,12149
15747,652
15748,387
15748,12149
15748,652
15750,387
15750,12149
15750,652
15751,387
15751,12149
15751,652
15752,387
15752,12149
15752,652
15755,387
15755,12149
15755,652
15764,387
15764,12149
15764,652
15765,387
15765,12149
15765,652
15766,387
15766,12149
15766,652
15769,387
15769,12149
15769,652
15770,387
15770,12149
15770,652
15772,387
15772,12149
15772,652
15776,387
15776,12149
15776,652
15778,387
15778,12149
15778,652
15779,387
15779,12149
15779,652
15780,387
15780,12149
15780,652
15782,387
15782,12149
15782,652
15786,387
15786,12149
15786,652
15789,387
15789,652
15789,12149
15790,387
15790,12149
15790,652
15797,387
15797,12149
15797,652
15799,387
15799,12149
15799,652
15802,387
15802,12149
15802,652
15812,387
15812,12149
15812,652
15815,387
15815,12149
15815,652
15817,387
15817,12149
15817,652
15818,387
15818,12149
15818,652
15822,387
15822,12149
15822,652
15825,387
15825,12149
15825,652
15827,387
15827,12149
15827,652
15829,12149
15829,387
15829,652
15837,387
15837,12149
15837,652
15842,387
15842,12149
15842,652
15843,387
15843,12149
15843,652
15845,387
15845,12149
15845,652
15846,387
15846,12149
15846,652
15851,748
15864,12149
15864,923
15865,12149
15865,923
15877,196
15881,196
15892,196
15893,196
15894,748
15894,923
15897,923
15905,923
15905,748
15908,196
15909,183
15909,8009
15910,8009
15910,3874
15911,923
15912,923
15922,2954
15927,4441
15927,1411
15937,387
15937,12149
15937,652
15954,923
15954,748
15954,12149
15957,47
15963,858
15968,47
15970,196
15985,1585
15986,748
15988,387
15988,12149
15988,652
15995,923
15995,1998
16003,1998
16010,923
16011,923
16012,923
16012,1998
16012,183
16013,923
16013,1998
16013,183
16014,196
16014,923
16040,12149
16040,923
16040,652
16040,5466
16041,387
16041,652
16041,12149
16045,12149
16045,652
16045,387
16050,196
16061,12149
16061,923
16061,878
16061,652
16063,10657
16064,10657
16067,923
16067,183
16067,652
16070,196
16071,196
16073,923
16073,12149
16073,652
16075,923
16075,652
16075,12149
16076,748
16078,183
16078,1843
16121,1585
16123,183
16123,652
16125,923
16125,183
16125,652
16126,183
16130,923
16139,1585
16139,2661
16144,1583
16144,9967
16164,923
16165,2186
16165,2196
16196,923
16196,12149
16196,652
16197,923
16197,12149
16197,652
16199,4168
16199,196
16200,10836
16203,923
16210,2954
16217,12149
16224,2009
16223,923
16225,923
16227,183
16227,652
16228,183
16228,652
16229,878
16235,196
16238,923
16239,7802
16239,4791
16240,2768
16240,11810
16245,652
16245,12149
16246,196
16254,196
16257,196
16258,923
16258,748
16258,12149
16260,196
16261,923
16261,748
16261,12149
16261,652
16266,1249
16266,923
16276,748
16276,923
16276,12149
16276,652
16278,12149
16278,652
16279,923
16279,748
16281,196
16281,12149
16283,196
16285,196
16286,8226
16287,7290
16287,12910
16294,12149
16294,652
16297,12149
16297,1585
16298,12149
16298,652
16307,1998
16314,2954
16322,1930
16328,12149
16328,652
16328,923
16333,196
16351,3226
16356,923
16356,748
16361,923
16361,748
16365,1249
16366,1973
16370,7084
16371,923
16371,1998
16372,923
16372,748
16373,923
16373,748
16380,196
16381,1998
16382,196
4054,196
16396,923
16397,923
16400,3051
16400,923
16415,748
16415,923
16417,8036
16418,196
16419,196
16419,75
16419,12149
16420,12149
16420,652
16425,4508
16471,923
16479,2325
16481,196
16485,923
16491,196
16493,6785
16496,5307
16498,196
16501,196
16504,2186
16504,2196
16505,387
16524,7440
16524,748
16523,7440
16523,748
16528,196
16535,1973
16535,923
16548,12149
16548,196
16550,748
16424,923
16424,748
16424,12149
16585,652
16585,12149
16585,923
16596,387
16604,196
16606,748
16607,196
16607,2728
16609,196
16609,12149
16613,12149
16614,196
16615,387
16615,196
16625,387
16625,183
16625,652
16626,748
16627,196
16628,923
16634,196
16638,1973
16639,196
16641,923
16647,923
16647,12149
16652,744
16654,923
16653,2954
16664,923
16664,1585
16666,148
16666,4291
16668,748
16669,12149
16669,652
16669,387
16673,196
16675,748
16678,20
16692,748
16693,8036
16738,196
16739,196
16740,923
16740,196
16740,652
16740,12149
16741,923
16741,1998
16742,196
16767,196
16772,1973
16780,923
16785,652
16785,12149
16785,387
16786,196
16787,12149
16787,652
16788,196
16790,196
16792,73
16792,8009
16792,1585
16792,689
16792,923
16793,2189
16793,5705
16795,4441
16796,387
16796,652
16796,12149
16797,1973
16797,3158
16798,196
16798,1973
16798,3158
16671,923
16803,923
16822,923
16825,1998
16831,748
16833,387
16833,652
16833,12149
16850,12149
16850,923
16850,652
16854,923
16854,12149
16862,260
16865,260
4853,196
16891,1973
16920,196
16920,183
16921,196
16922,923
16922,12149
16922,652
16932,2954
16933,7963
16952,1973
16975,923
16975,196
7428,923
16998,196
17061,196
17099,3735
17102,9967
17110,1998
4943,923
13684,923
13684,1998
17181,196
13733,387
13733,652
13733,12149
17194,5307
17197,12149
17197,923
17198,744
13783,387
13783,12149
13783,652
13784,387
13784,12149
13784,652
13786,387
13786,12149
13786,652
17223,387
17224,387
17226,923
13860,196
17267,923
17267,185
17268,878
17268,185
17291,183
17292,652
17292,12149
17292,387
17328,652
17328,387
17342,748
17344,12149
17344,3025
4706,1998
17362,183
17362,652
17362,923
17371,923
17371,183
17372,1210
17375,1973
17375,1998
17375,12149
17376,748
17377,748
17387,5307
17396,923
17396,1998
17405,923
17404,923
17417,196
17424,923
17425,196
17427,196
17431,7553
4852,196
17466,10657
17478,748
17478,652
17478,183
17480,652
17480,2074
17487,748
17508,196
17512,196
17513,183
17513,652
17524,923
17531,923
17531,183
17532,923
17532,183
17540,748
17546,923
17560,923
17560,183
17562,923
17571,387
17571,652
17571,12149
17574,923
17576,1998
17577,923
17577,183
17578,923
17578,183
17578,748
17581,183
17581,923
17586,12149
17586,923
17586,652
17569,923
17569,183
17605,12149
17605,387
17605,652
17609,387
17609,183
17609,652
17611,183
17611,387
17611,652
17612,387
17612,183
17612,652
17613,196
17613,10729
17632,923
17632,12149
17637,5993
17637,183
17640,196
17646,923
17678,2954
17679,2954
17683,3645
17684,923
17695,748
17699,652
17699,12149
17699,923
17707,4036
17709,148
17709,1210
17709,1585
17710,148
17710,1210
17710,1585
17715,923
17717,12534
17718,748
3848,12534
17726,923
17726,12149
17729,183
17737,196
17746,196
17747,196
3609,196
17762,1925
17763,1925
17765,1925
17766,1925
17767,1925
1720,196
1720,149
17770,9967
17764,183
17764,2728
17777,183
17777,2728
17777,748
17778,923
17783,183
17784,12149
17784,8009
17818,923
17818,196
17818,183
17826,923
17826,196
17861,1500
17861,12149
17862,196
17864,2183
17868,1500
17887,1585
17901,1973
17902,196
17903,744
17904,196
17906,196
17907,387
17907,652
17907,12149
17924,1998
17925,1973
17925,2074
17927,9967
17928,923
17928,748
17929,1210
17929,1585
17930,9967
17930,7956
17935,12149
17935,923
17935,196
17960,183
17960,3874
17960,923
17960,196
17964,12149
17964,652
17964,387
17974,923
17999,923
18008,748
18009,196
18010,196
18039,196
18040,923
18056,196
18057,196
18058,196
18058,652
18058,12149
18058,923
18074,12149
18074,652
18074,387
18077,748
18083,492
18090,923
18090,1998
18095,196
18098,196
18099,923
18099,1998
18101,12149
18101,652
18103,196
5894,196
18107,12149
18107,652
18107,923
18109,1866
18125,196
18133,131
18136,387
18136,12149
18136,652
18137,387
18137,12149
18137,652
18139,387
18139,12149
18139,652
18141,387
18141,12149
18141,652
18161,387
18161,12149
18161,652
18162,387
18162,12149
18162,652
18163,387
18163,12149
18163,652
18164,387
18164,12149
18164,652
18165,387
18165,12149
18165,652
18168,387
18168,12149
18168,652
18166,387
18166,12149
18166,652
18167,387
18167,12149
18167,652
18169,387
18169,12149
18169,652
18170,387
18170,12149
18170,652
18171,387
18171,12149
18171,652
18172,387
18172,12149
18172,652
18173,387
18173,12149
18173,652
18174,387
18174,12149
18174,652
18175,387
18175,12149
18175,652
18176,387
18176,12149
18176,652
18177,387
18177,12149
18177,652
18181,748
18182,748
18184,1500
18190,196
18190,10729
18196,196
18200,196
18202,387
18202,12149
18202,652
18203,744
18204,748
18208,196
18209,196
18226,748
18227,196
18228,12149
18228,652
18228,387
18239,5307
6962,387
6962,12149
6962,652
18268,923
18280,196
18284,748
18295,858
18306,744
18308,744
18315,183
18315,923
18318,2954
18357,208
18359,8175
18359,10744
18360,8175
18360,10744
18361,923
18362,196
18380,2954
18400,196
18403,196
18412,196
18413,1500
18414,652
18414,1500
18390,2954
18428,1500
18429,923
18436,196
18437,387
18471,5307
18493,1954
18523,1270
18531,923
18532,923
18533,744
18534,20
18535,20
18536,748
18537,196
18542,387
18542,652
18556,196
18557,196
18557,10729
18575,196
18582,1500
18600,196
18616,923
18616,12149
18616,652
18617,12149
18617,652
18617,9967
18617,1585
18618,12149
18618,652
18618,1585
18620,196
18620,10729
18631,196
18632,196
18634,744
18635,12149
18635,196
18636,2661
18637,196
18654,387
18654,652
18654,12149
18655,196
18655,10729
18662,196
18662,10729
18663,387
18663,652
18663,12149
18664,2661
18665,2661
18666,196
18666,10729
18668,196
18668,10729
18667,387
18667,652
18667,12149
18669,2661
18673,923
18673,12149
18674,923
18674,12149
18675,196
18676,923
18676,12149
18677,196
18677,10729
18679,2661
18681,2661
18682,196
18682,10729
18680,196
18680,10729
18683,2661
18686,196
18685,387
18685,12149
18687,387
18687,12149
18688,196
18688,10729
18689,2661
18690,196
18690,10729
18691,2661
18693,196
18693,10729
18695,2661
18696,2661
18698,196
18698,10729
18699,2661
18700,387
18700,12149
18702,923
18702,12149
18703,196
18703,10729
18704,387
18704,12149
18704,652
18706,196
18706,10729
18708,2661
18708,12149
18716,196
18716,10729
18721,196
18721,10729
18722,387
18722,12149
18722,652
18723,2661
18723,12149
18724,196
18724,10729
18725,2661
18725,12149
18726,196
18726,10729
18727,387
18727,652
18727,12149
18728,2661
18728,12149
18733,387
18733,652
18733,12149
18734,196
18734,10729
18736,2661
18736,12149
18740,923
18740,652
18740,12149
18742,196
18742,10729
18743,2661
18743,12149
18748,923
18749,2661
18749,12149
18751,196
18751,10729
18764,2661
18764,12149
18765,196
18765,10729
18756,744
18814,3259
18815,3259
18822,1973
18832,3259
18834,3552
18836,1423
18837,12149
18857,196
18865,2661
18865,12149
18866,196
18937,47
18943,196
18971,744
18974,5307
19016,480
19031,2661
19031,12149
19034,2661
19034,12149
19037,923
19037,652
19037,12149
19049,2661
19049,12149
19050,923
19050,652
19050,12149
19054,744
19060,923
19060,652
19060,12149
19059,923
19059,183
19063,183
19063,923
19063,652
19065,183
19065,923
19066,923
19066,183
19067,923
19067,183
19068,923
19068,183
19084,923
19084,652
19084,12149
19089,923
19089,652
19089,12149
19091,923
19091,652
19091,12149
19093,3754
19096,2661
19096,12149
19098,3259
19098,12149
19098,652
19109,923
19110,1500
19111,183
19113,923
19144,923
19144,652
19144,12149
19171,923
19171,652
19171,12149
19191,387
19191,12149
19191,652
19198,387
19198,12149
19198,652
19216,387
19216,652
19216,12149
19245,387
19245,652
19245,12149
19262,387
6203,196
19280,196
19289,923
19289,12149
19289,652
19291,387
19291,923
19293,387
19298,923
19300,387
19300,652
19300,12149
19305,387
19305,12149
19305,652
19315,387
19315,12149
19315,652
19333,183
19333,923
19336,196
19339,196
19339,10729
19347,923
19348,923
19359,196
19360,196
19319,748
19367,387
19367,12149
19367,652
19373,387
19373,12149
19373,652
19374,2661
19374,12149
19375,2661
19375,12149
19377,923
19379,923
19380,744
19382,923
19390,387
19390,12149
19390,652
19391,2661
19391,12149
19393,923
19398,387
19398,12149
19398,652
19399,2661
19399,12149
19404,387
19404,12149
19404,652
19405,2661
19405,12149
19406,5307
19406,2063
19407,387
19407,12149
19407,652
19412,12878
19417,387
19417,12149
19417,652
19419,387
19419,12149
19419,652
19420,2661
19420,12149
19431,387
19431,12149
19431,652
19439,5307
19450,387
19450,12149
19450,652
19455,2661
19455,12149
19456,387
19456,12149
19456,652
19458,387
19458,12149
19458,652
19465,387
19465,12149
19465,652
19466,2661
19466,12149
19469,196
19469,10729
19474,387
19474,12149
19474,652
19476,2661
19476,12149
19480,387
19480,12149
19480,652
19481,2661
19481,12149
19487,387
19487,12149
19487,652
19488,2661
19488,12149
19489,748
19490,652
19490,183
19493,387
19493,12149
19493,652
19494,2661
19494,12149
19498,387
19498,12149
19498,652
19500,2661
19500,12149
8442,196
19511,387
19511,12149
19511,652
19512,2661
19512,12149
19518,387
19518,12149
19518,652
19522,2661
19522,12149
19520,387
19520,12149
19520,652
19526,387
19526,12149
19526,652
19527,2661
19527,12149
19535,387
19535,12149
19535,652
19536,2661
19536,12149
19544,2661
19544,12149
19547,387
19547,12149
19547,652
19553,387
19553,12149
19553,652
19554,2661
19554,12149
19556,387
19556,12149
19556,652
19557,2661
19557,12149
19578,387
19578,12149
19578,652
19595,12149
19595,652
19595,387
19596,12149
19596,652
19596,3259
19597,3259
19602,923
19606,196
19612,387
19612,12149
19612,652
19613,2661
19613,12149
19622,2661
19622,12149
19621,387
19621,12149
19621,652
19627,387
19627,12149
19627,652
19628,2661
19628,12149
19636,923
19636,12149
19636,652
19637,12149
19637,923
19637,3860
19638,923
19638,12149
19638,652
19639,923
19647,196
19648,12149
19648,387
19648,652
19650,2661
19650,12149
19656,3833
19660,3259
19661,2661
19661,12149
19666,387
19666,12149
19666,652
19667,2661
19667,12149
19670,12149
19670,923
19670,652
19649,2728
19680,387
19680,12149
19680,652
19681,2661
19681,12149
19685,2661
19685,12149
19690,2661
19690,12149
19703,923
19703,12149
19707,12149
19707,652
19708,12149
19708,652
19695,387
19695,12149
19695,652
19711,196
19712,12149
19712,652
19717,12149
19717,652
19718,923
19718,652
19718,12148
19722,387
19722,12149
19722,652
19727,387
19727,12149
19727,652
19730,387
19730,12149
19730,652
19736,387
19736,12149
19736,652
19740,387
19740,12149
19740,652
19741,2661
19741,12149
19737,196
19742,196
19747,1998
19749,196
19754,923
19758,923
19758,1973
19760,1998
19766,387
19766,12149
19766,652
19768,196
19770,196
19772,923
19773,387
19773,12149
19773,652
19774,1954
19783,196
19790,196
19791,12149
19791,923
19792,12149
19792,923
19795,387
19795,12149
19795,652
19801,387
19801,12149
19801,652
19802,923
19805,387
19805,12149
19805,652
19811,387
19811,12149
19811,652
19813,2661
19813,12149
19814,4729
19817,923
19778,12149
19778,923
19823,12149
19823,387
19823,652
19826,387
19826,12149
19826,652
19830,923
19832,923
19834,387
19834,12149
19834,652
19844,387
19844,12149
19844,652
19851,387
19851,12149
19851,652
19870,387
19870,12149
19870,652
19873,387
19873,12149
19873,652
19887,387
19887,12149
19887,652
19904,387
19904,12149
19904,652
19911,387
19911,12149
19911,652
19920,387
19920,12149
19920,652
19921,387
19921,12149
19921,652
19931,923
19931,183
19934,11814
19946,387
19946,12149
19946,652
19953,387
19953,12149
19953,652
19957,387
19957,12149
19957,652
19965,387
19965,12149
19965,652
19962,387
19962,12149
19962,652
19968,5307
19972,748
19939,662
19975,923
19987,387
19987,12149
19987,652
19994,387
19994,12149
19994,652
19997,387
19997,12149
19997,652
20003,6809
20015,387
20015,12149
20015,652
20023,387
20023,12149
20023,652
20026,387
20026,12149
20026,652
20036,923
20045,183
20045,652
20049,387
20049,12149
20049,652
20052,387
20052,12149
20052,652
20056,387
20056,12149
20056,652
20065,387
20065,12149
20065,652
20068,387
20068,12149
20068,652
20089,387
20089,12149
20089,652
20090,387
20090,12149
20090,652
20091,387
20091,12149
20091,652
20101,387
20101,12149
20101,652
20106,387
20106,12149
20106,652
20109,387
20109,12149
20109,652
20116,2661
20116,12149
20119,387
20119,12149
20119,652
20123,387
20123,652
20126,196
20130,387
20130,12149
20130,652
20136,387
20136,12149
20136,652
20144,387
20144,12149
20144,652
20157,923
20157,652
20157,12149
20169,387
20169,12149
20169,652
20175,387
20175,12149
20175,652
20179,387
20179,12149
20179,652
20182,196
20183,12149
20183,652
20183,3259
20192,13935
20196,387
20196,12149
20196,652
20205,387
20205,12149
20205,652
20212,387
20212,12149
20212,652
20219,387
20219,12149
20219,652
20225,923
20232,1925
20245,387
20245,12149
20245,652
20247,387
20247,12149
20247,652
20254,387
20254,12149
20254,652
20255,2661
20255,12149
20258,12149
20258,923
20267,387
20267,12149
20267,652
20270,387
20270,12149
20270,652
20281,387
20281,12149
20281,652
20283,196
6358,196
20298,387
20298,12149
20298,652
20299,196
20304,387
20304,12149
20304,652
20306,2661
20306,12149
20308,2728
20312,387
20312,12149
20312,652
20317,7290
20317,4729
20319,196
20319,3139
20320,7290
20322,4729
20323,196
20323,3139
20324,7290
20324,1249
20327,387
20327,12149
20327,652
20336,387
20336,12149
20336,652
20344,387
20344,12149
20344,652
20345,2661
20345,12149
20351,387
20351,12149
20351,652
20354,387
20354,12149
20354,652
20367,12149
20378,387
20378,12149
20378,652
20379,387
20379,12149
20379,652
20384,387
20384,12149
20384,652
20387,387
20387,12149
20387,652
20406,387
20406,12149
20406,652
20409,387
20409,12149
20409,652
20418,3259
20418,12149
20418,652
20434,923
20434,12149
20435,923
20435,12149
20437,3345
20448,1973
20448,3345
20454,196
20497,6939
20497,196
20501,196
20502,196
20503,923
20508,1585
20509,196
20509,923
20518,196
20519,196
20532,923
20532,12149
20542,387
20542,652
20542,12149
20562,748
20571,923
20571,183
20578,387
20578,652
20578,12149
20579,2661
20579,12149
20580,2661
20580,12149
20593,196
20599,923
20602,923
20602,748
20603,923
20607,196
20608,196
20610,923
20628,923
20629,923
20629,12149
20629,652
20631,744
20646,4729
20652,387
20652,12149
20652,652
20655,4729
20662,196
20663,196
20664,12149
20668,387
20668,12149
20668,652
20677,923
20678,923
20684,387
20684,12149
20684,652
20718,183
20718,923
20718,652
20727,387
20727,12149
20727,652
20736,4729
20757,387
20757,12149
20757,652
5188,923
20759,12919
20761,12149
20800,387
20800,12149
20800,652
20816,12149
20816,923
20828,387
20828,12149
20828,652
7489,923
20846,387
20846,12149
20846,652
20853,387
20853,12149
20853,652
20854,2661
20854,12149
20863,923
20863,12149
20879,923
20892,387
20892,12149
20892,652
20924,744
20939,744
20940,1249
20940,923
20946,387
20946,12149
20946,652
20949,923
20950,2661
20950,12149
20957,387
20957,12149
20957,652
20963,387
20963,12149
20963,652
20964,387
20964,12149
20964,652
20974,1249
20975,1249
20976,1500
20978,196
20978,744
20984,387
20984,12149
20984,652
20990,748
20992,183
20997,196
20997,923
20997,12149
21005,923
21005,1998
21008,923
21008,1998
20970,387
20970,12149
20970,652
21016,196
21023,387
21026,196
21027,196
21028,196
21031,387
21031,12149
21031,652
21037,387
21037,12149
21037,652
21042,196
21047,387
21047,12149
21047,652
21051,2661
21051,12149
21055,387
21055,12149
21055,652
21056,2661
21056,12149
21060,196
21062,387
21062,12149
21062,652
21068,387
21068,12149
21068,652
21071,2661
21071,12149
21082,1500
21082,183
21083,1500
21083,12149
21088,387
21088,12149
21088,652
21102,387
21102,12149
21102,652
21107,387
21107,12149
21107,652
21110,387
21110,12149
21110,652
21127,183
21127,923
21164,387
21164,12149
21164,652
21171,387
21171,12149
21171,652
21172,2661
21172,12149
21176,387
21176,12149
21176,652
21177,2661
21177,12149
21183,196
21188,923
21188,12149
21191,196
21193,387
21193,12149
21193,652
21254,387
21254,12149
21254,652
21255,387
21255,12149
21255,652
21264,748
21271,387
21271,12149
21271,652
21280,196
21316,923
21317,923
21318,923
21341,196
21341,10729
21381,196
21381,10729
21393,923
21394,1583
21395,923
21397,923
21398,923
21400,923
21409,3191
21429,12149
21429,652
21444,923
21446,923
21446,12149
21446,652
21464,923
21464,6326
21465,923
21465,6326
21513,196
21513,8043
21528,1500
21539,12149
21539,3259
21539,652
21539,923
21577,1500
21578,923
21578,12149
21578,652
21596,923
21615,196
21624,196
21624,10729
21668,923
21668,652
21668,12149
21685,923
21686,923
21720,196
21729,923
21788,923
21788,12149
21827,11814
21828,923
21829,923
21843,923
21886,6264
21887,923
21891,923
21891,12149
21891,652
21901,923
21901,12149
21901,652
21903,7606
21906,923
21906,12149
21906,652
21910,1998
21910,923
21916,196
21920,12919
21922,923
21938,923
21941,923
21941,183
21945,11814
21968,923
21968,1998
21971,8577
21973,923
21973,1998
21975,923
21975,1998
21978,196
21979,196
21987,605
21992,1973
21999,1998
22004,923
22004,1998
22008,1998
22008,12149
22008,652
22011,196
22015,196
22019,923
22022,923
22024,8721
22031,923
22032,923
22033,923
22034,923
22036,744
22041,923
22043,12149
22043,1585
22046,923
22047,196
22048,196
22051,858
22053,858
22065,923
22078,196
22083,923
22089,923
22089,12149
22092,628
22093,923
22093,3136
22095,12149
22095,652
22097,923
22107,12149
22107,923
22108,923
22108,12149
22108,652
22109,183
22113,1973
22113,923
22113,1998
22114,196
22118,196
22129,923
22129,183
22152,923
22153,196
22156,923
22156,12149
22156,1998
22162,3191
22178,196
22155,196
22183,9967
22183,7956
22188,2183
22192,744
22193,183
22193,1973
22194,923
22197,748
22198,9967
22199,9967
22214,923
22214,12149
22214,652
22228,923
22228,1998
22234,744
22235,1500
22237,923
22237,6326
22242,3051
22243,5307
22244,20
22248,196
22249,923
22253,1998
22253,923
22253,12149
22253,652
22255,11814
22257,11814
22269,3860
22274,923
22274,12149
22274,652
22278,183
22278,652
22279,183
22279,923
22280,748
22281,748
22285,923
22285,183
22289,923
22290,12149
22290,652
22282,196
22301,3051
22302,2954
22306,196
22309,196
22313,196
22316,196
22323,923
22323,183
22323,652
22312,748
22334,748
22355,387
22355,12149
22355,652
22360,748
7337,748
22363,12149
22363,652
22363,387
22365,748
22366,748
22368,652
22368,923
22368,12149
26553,12149
26553,923
6960,148
22369,923
22370,196
22390,2063
22390,8325
22391,1249
22392,923
22392,12149
22392,652
22395,923
22395,12149
22395,652
22382,1973
22421,923
22427,3345
22429,196
22403,923
22430,923
22430,12149
22430,652
6983,923
6983,12149
6983,652
22436,748
22439,923
22441,748
22442,923
22442,183
22442,652
22458,19
22459,20
22464,183
22464,923
22464,1998
22464,652
22443,748
22473,196
22481,2183
22483,183
22488,1998
22496,3259
22498,3259
22502,1585
22502,1210
22507,3833
22509,1500
22510,923
22510,12149
22510,652
22511,1500
22542,923
22554,1249
22569,923
22569,183
22569,652
22572,923
22572,183
22572,652
22566,1585
22566,1210
22584,387
22584,12149
22584,652
22585,12149
22585,652
22585,3259
22586,12149
22586,652
22586,3259
22587,923
22588,923
22598,748
22596,748
22619,196
22633,1500
22638,1998
22641,3826
22643,3191
22663,923
22663,12149
22665,12149
22665,1500
22715,1500
22774,1500
22774,12149
22776,1500
22803,1500
22805,1500
22805,1998
22833,923
22833,12149
22833,652
10384,748
10384,1500
22867,196
22872,196
22874,923
22874,12149
22876,196
22881,923
22882,11232
22888,923
22888,12149
22888,652
22919,12149
22919,652
22920,2022
22943,387
22943,12149
22943,652
22957,196
22963,12149
22963,923
22963,652
22970,923
22970,12149
22970,652
23012,748
23013,4729
23015,9967
23016,923
23017,923
23018,12149
23018,652
23018,923
23025,12149
23025,652
23047,1500
23051,1585
23052,923
23054,12149
23054,652
23054,387
23063,12149
23063,652
23069,12149
23069,652
23069,923
23070,12149
23070,652
23070,923
23105,196
23105,605
23102,12149
23102,923
23111,923
23126,923
23146,196
23146,923
23148,748
23148,1500
23149,196
23156,923
23156,12149
23156,652
23159,748
23175,923
23175,12149
23179,652
23179,12149
23180,652
23180,12149
23183,923
23193,748
23202,1500
23203,748
23218,923
23221,923
23206,387
23206,12149
23206,652
23234,923
23250,1249
23251,1249
23252,196
23263,1583
23269,196
23269,3860
23270,923
23270,652
23273,923
23279,923
23279,12149
23279,652
23285,652
23285,923
23288,12149
23288,652
23278,923
23278,12149
23278,652
23258,196
23304,748
23305,923
23305,183
23306,748
23315,12149
23315,652
23327,923
23328,923
23329,923
23329,12149
23329,652
23330,20
23330,7802
23332,923
23335,196
23356,196
23356,12149
23356,923
23359,923
23359,12149
23359,652
23382,923
23382,12149
23383,923
23383,7802
23384,923
23404,196
23404,12149
23404,923
23407,923
23414,923
23414,12149
23414,652
23406,923
23442,1583
23464,1585
23465,12149
23467,12149
23467,1576
23474,5307
23475,923
23483,923
23484,923
23485,923
23486,923
23487,923
23488,196
23491,196
23500,9967
4914,923
5885,923
23505,196
23505,8099
23507,748
23513,5466
23513,652
23513,196
23514,923
23515,196
23530,20
23535,744
23544,196
23545,12149
23545,652
23545,923
23550,196
23563,923
23571,12149
23571,652
23572,196
23578,923
23603,387
23603,652
23604,744
23625,923
23626,3387
23627,3387
23628,3387
23629,923
23631,748
23631,104
23632,923
23632,748
23635,1500
23639,923
23639,12149
23638,923
23638,12149
23638,652
23649,9967
23663,748
23679,923
23687,923
23689,923
23704,923
23704,12149
23701,923
23701,12149
23701,652
23707,12149
23707,3259
23714,923
23714,12149
23714,652
23716,196
23718,196
23729,1500
23731,387
23731,12149
23731,652
23732,387
23732,12149
23732,652
23720,923
23743,748
23743,923
23747,196
23747,12149
23747,652
23751,744
23752,923
23752,12149
23760,196
23764,923
23777,3345
23788,923
23788,12149
23789,12149
23791,4897
23791,1925
23792,1973
23793,1973
23794,387
23794,12149
23794,652
23799,1998
23799,923
23825,9967
23830,11815
23837,923
23842,196
23845,12149
23845,923
23876,387
23876,12149
23876,652
23881,387
23881,12149
23881,652
23882,196
23883,196
23885,196
23913,923
23913,12149
23913,652
23987,923
23988,923
24012,923
24012,12149
24012,652
24047,387
24047,12149
24047,652
24050,387
24050,12149
24050,652
24051,196
24052,387
24052,12149
24052,652
24053,387
24054,387
24054,12149
24062,196
24063,196
24065,923
24114,923
24114,652
24114,12149
24118,923
24118,652
24118,12149
24119,923
24119,652
24119,12149
24125,1500
24185,196
24192,3259
24194,923
24203,1961
24265,7606
24284,196
24285,12149
24285,652
24291,744
24301,923
24301,652
24301,12149
24302,1585
24309,923
24311,923
24312,923
24318,923
24319,923
24321,923
24324,923
24325,196
24329,923
24335,2183
24349,196
24358,196
24359,923
24365,196
24366,196
24392,1249
24395,196
24396,196
24403,196
24423,196
24425,923
24425,1998
24435,923
24461,923
24478,183
24486,196
24487,1973
24509,923
24509,652
24509,183
24531,923
24546,1973
24546,923
24555,923
24556,923
24568,7798
24568,923
24590,923
24591,923
24592,923
24592,652
24592,12149
24588,923
24661,923
24662,196
24662,923
24662,12149
24668,196
24667,923
24667,748
24697,748
24708,923
24708,12149
24709,923
24710,183
24710,923
24743,652
24743,12149
24747,923
24854,923
24855,923
24873,923
24882,923
24913,652
24913,12149
24913,923
24914,652
24914,12149
24914,923
24925,183
24923,183
24977,12149
24977,923
24978,12149
24979,923
25042,196
25077,196
25082,290
25083,290
25148,183
25148,10729
25153,923
25178,196
25178,8043
25194,12149
25194,652
25205,923
25205,3136
25206,923
25206,3136
25207,923
25224,1249
25267,3051
25293,923
25314,196
25327,11814
25361,3051
25369,3390
25372,923
25372,652
25397,923
25397,1998
25404,652
25404,923
25407,923
25409,12149
4509,923
4509,652
4509,12149
25414,923
25415,8402
25417,923
25420,923
25423,12149
25444,1998
25445,1998
25461,748
25466,923
25472,923
25471,923
25477,923
25477,12149
25477,652
25478,923
25478,12149
25478,652
25481,1998
25483,3345
25486,748
25493,923
25498,3345
25501,1998
25502,1998
25508,923
25522,196
25529,662
25530,5307
25531,4508
25539,1973
25523,12149
34263,923
34263,652
25548,12149
25548,652
25549,923
25549,12149
25551,923
25555,923
25555,12149
25555,652
25572,1998
25572,923
25572,12149
25572,652
25578,196
25578,923
25577,3345
25580,196
25581,196
25581,923
25583,923
25586,748
25582,923
25582,12149
25582,652
25582,748
25609,923
25609,12149
25609,652
25611,1930
25612,923
25645,923
25645,12149
25645,652
25647,183
25659,748
25663,196
25666,491
25668,183
25676,923
25677,923
25679,4363
25685,1930
25691,148
25734,183
23084,923
25819,923
25819,12149
25846,923
26015,183
26015,652
26066,923
26066,12149
26066,652
26170,652
26170,12149
26172,1973
26172,923
26177,1998
26177,923
26178,923
26202,196
26209,652
26209,923
26210,923
26211,1998
26214,923
26214,1998
26215,748
26218,652
26218,12149
26218,923
26221,748
26222,923
26227,196
26231,12149
26231,196
26233,923
26234,923
26235,923
26237,748
26239,923
26240,183
26241,196
26249,196
26251,923
26253,748
26254,652
26254,12149
26254,923
26263,196
26264,196
26265,196
26273,923
26273,12149
26273,652
26274,748
26277,196
26279,196
26281,196
26283,196
26280,1585
26288,5307
26290,532
26304,858
26306,2954
26311,4422
26312,923
26312,12149
26320,3282
26324,75
26324,923
26324,12149
26324,652
10898,748
10898,923
26354,923
26354,652
26354,12149
26360,923
26360,12149
26360,652
28074,923
26361,25563
26361,1930
26364,923
26365,748
26450,923
26450,183
26450,652
26451,196
26453,183
26453,387
26454,1500
26455,1500
26458,196
26470,2628
26478,387
26478,183
26482,923
26482,12149
26484,12149
26484,923
26487,1585
26508,3259
26583,923
26583,12149
26602,923
26602,12149
26602,652
26601,923
26601,12149
26601,652
26605,923
26606,923
26608,196
26609,12149
26616,923
26616,12149
26619,652
26619,12149
26635,923
26635,12149
26635,652
26659,923
26660,923
26661,12149
26661,923
26663,12149
26663,923
26654,923
26672,12149
26676,12149
26676,923
26677,923
26677,12149
26678,165
26679,923
26685,923
26692,923
26692,12149
26692,652
26719,1925
26720,1925
26721,7956
26722,7956
26726,12149
26726,923
26727,12149
26727,923
26740,196
26741,196
26743,12149
26743,923
26746,923
26746,12149
26747,923
26747,12149
26749,923
26770,923
26770,12149
26781,652
26781,923
26823,748
26827,923
26829,923
26831,923
26833,923
26842,923
26844,923
26877,923
26877,12149
26884,923
26885,652
26885,923
26906,923
26906,652
26940,923
26943,3027
26948,923
26948,12149
26970,196
26976,923
26976,183
26979,12149
26979,923
26980,923
26982,923
26982,12149
26983,923
27000,12149
27000,923
27000,652
26904,7298
26905,7298
27074,3345
27075,3345
27105,923
27109,923
27109,12149
27109,652
27117,12149
27138,652
27170,196
27198,923
27198,652
27198,12149
27218,923
27218,12149
27219,748
27224,1423
27225,12149
27225,923
27232,923
27233,1998
27236,196
27236,923
27236,652
27236,12149
27304,196
27316,923
27316,12149
27316,652
27347,923
27347,1998
27359,1249
27369,12149
27369,923
27369,652
27384,923
27384,12149
27395,923
795,13880
27474,923
27474,652
27474,12149
27484,20
27525,1070
27525,748
27534,923
27534,12149
27534,652
27552,1973
27558,223
27567,923
27568,3345
6280,196
27572,12148
27572,923
27581,748
27584,923
27584,12149
27584,652
27585,196
27592,923
27592,652
27649,8403
27650,1897
27669,1973
27705,923
27705,1973
27711,5948
27741,196
27741,4821
27741,10729
27745,923
27745,1973
27746,196
27759,12149
27759,652
27759,923
27767,923
27767,196
27770,923
27770,1998
27783,923
27783,652
27783,12149
27793,923
27802,4683
27803,923
27803,652
27803,12149
27811,12149
27811,652
27811,923
27812,923
27819,923
27822,1998
27822,923
27822,12149
27823,923
27823,652
27823,12149
27824,923
27824,12149
27824,652
27825,923
27825,12149
27825,652
27847,923
27847,12148
27847,652
27856,923
27856,12149
27856,652
27871,923
27880,12149
27880,652
27880,923
27883,923
27883,12149
27883,652
27888,923
27888,12149
27888,652
27891,923
27904,923
27905,748
27925,923
15263,3342
27937,196
27944,12149
27944,923
27953,923
27953,12149
27959,923
27959,12149
27962,1998
27963,1998
27964,1998
27965,1998
27978,1500
27980,196
27985,923
27985,12149
27985,652
28015,923
28015,652
28015,12149
28017,923
28018,748
28019,923
28020,923
28020,12149
28020,652
28021,923
28021,652
28021,12149
28022,923
28022,652
28022,12149
28026,748
28027,1585
28028,1998
28038,196
28040,923
28046,1585
28052,748
28053,196
28054,196
28055,196
28056,1998
28057,923
28057,1998
28057,183
28058,923
28059,1998
28060,748
28071,923
28072,744
5079,25563
5079,1930
28088,923
28088,12149
28092,1249
28097,923
28097,12149
28098,923
28105,12149
28105,923
28106,923
28106,12149
28106,652
28109,652
28109,923
28113,183
28113,1585
28116,744
28117,923
28117,12149
28122,387
28122,183
28122,652
28133,12149
28133,652
28136,652
28136,923
28136,183
28141,878
28144,196
28149,923
28149,652
28149,12149
28150,923
28150,652
28150,12149
28168,923
28168,12149
28168,652
28169,923
28169,12149
28169,652
28174,6098
28178,923
28178,12149
28178,652
28183,923
28187,923
28187,12149
28187,652
28192,923
28195,923
28195,12149
28195,652
28200,923
28205,196
28206,923
28206,12149
28206,652
28207,748
28215,12149
28215,923
28220,20
28226,923
28227,923
28227,183
28231,923
28337,923
28371,923
28371,652
28415,923
28415,12149
28538,748
28543,923
28544,196
28558,923
28558,1973
28567,923
28573,748
28592,1973
28592,923
28605,196
28606,196
28608,196
28611,652
28611,12149
28611,387
28614,196
28616,744
28616,196
28616,12149
28616,652
28617,20
28617,183
28617,652
28618,20
28618,183
28618,652
28620,744
28620,652
28620,183
28629,744
28631,744
28631,652
28631,12149
28635,923
28635,12149
28644,923
28644,12149
28646,923
28646,1973
28647,12149
28647,923
28648,923
28648,12149
28650,923
28651,1305
28652,923
28653,923
28654,923
28655,923
28658,9967
28659,9967
28660,12149
28660,923
28663,12149
28668,744
28669,744
28670,923
28670,183
28670,165
28676,923
28676,183
28676,652
28688,923
28688,652
28688,12149
28689,923
28689,652
28689,12149
28700,923
28700,652
28700,1998
28707,2954
28711,923
28711,652
28711,12149
28719,923
28719,652
28719,12149
28722,748
28743,196
28743,652
28743,183
28744,748
28744,652
28744,183
28752,1973
28771,923
28771,652
28771,12149
28774,2022
28779,923
28779,652
28793,923
28793,652
28793,12149
28794,748
28795,923
28795,652
28795,12149
28800,923
28800,652
28801,923
28802,923
28803,923
28803,652
28804,4242
28808,923
28825,196
28841,923
28841,1998
28863,923
28863,1973
28865,923
28865,1998
28878,923
28878,12149
28879,923
28879,1998
28879,652
28879,12149
28892,923
28892,652
28892,12149
28892,1998
28895,923
28896,2954
28899,744
28899,1998
28902,923
28902,1998
28903,923
28913,923
28913,12149
28913,652
28914,923
28914,652
28914,12149
28916,196
28921,923
28918,744
28918,12149
28918,652
28931,923
28931,12149
28931,652
28943,196
28953,652
28953,12149
28956,923
28957,12149
28957,652
28958,12149
28958,652
28963,923
8646,923
8646,652
8646,12149
28912,923
28972,196
6222,652
6222,923
6222,12149
1532,923
1532,1998
1532,652
1532,12149
28992,748
29000,652
29000,12149
29002,9967
29003,9967
29004,9967
29005,748
29006,196
29007,9967
29008,9967
29014,748
29014,923
29014,652
29026,748
29030,1500
29035,748
29042,196
29042,923
29044,196
29044,923
29054,744
29057,1998
29060,923
29060,652
29060,183
29061,748
29066,923
29066,652
29066,12149
29067,923
29067,652
29067,12149
29068,744
7049,923
7049,652
7049,12149
29070,923
29070,652
29070,12149
29073,744
29073,12149
29084,652
29084,183
29105,923
29117,923
29117,652
29117,12149
29129,923
29130,923
29131,923
29134,652
29134,183
29135,196
29137,196
29138,923
29141,12149
29143,923
29143,12149
29143,652
29146,744
29146,12149
29150,923
29154,923
29155,748
29162,20
29162,12149
29164,652
29164,183
29164,387
29168,652
29168,923
29171,923
29171,652
29171,12149
29173,744
29189,923
29189,12149
29200,923
29205,196
29234,923
29234,652
29234,12149
29236,652
29236,12149
29236,923
29239,748
29239,923
29252,744
29273,923
29273,652
29273,12149
29288,12149
29288,923
29296,1998
29297,748
29299,1998
29305,744
29311,744
29317,652
29317,183
29320,923
29320,652
29320,183
29321,923
29321,652
29322,923
29322,625
29330,748
29331,748
29332,387
29332,652
29332,12149
29373,748
29452,196
29558,3753
29567,1249
29595,923
29595,12149
29595,652
29602,196
29642,923
29661,923
29673,3139
29677,923
29681,923
29685,923
29692,923
29694,923
29697,748
29713,183
29713,923
29715,923
10755,3226
29761,196
29769,748
29770,748
29802,748
29818,4441
29823,923
29823,12149
29850,196
29851,923
29851,12149
29862,196
29876,923
29876,12149
29876,652
29938,196
876,196
30006,923
30075,923
30121,196
30132,923
30132,12149
30140,923
30147,12149
30157,183
30158,923
30168,923
30178,744
30182,923
30187,923
30188,1249
30201,923
30203,183
30203,923
30210,923
30226,923
30226,652
30226,12149
30241,923
30241,652
30247,923
30252,196
30253,923
30253,652
30253,12149
30269,923
30269,12149
30277,923
30277,12149
30278,923
30279,748
30284,923
30284,12149
30284,652
30297,923
30297,12149
30297,652
30310,923
30335,12149
30335,923
30335,652
30337,923
30337,1973
30343,923
30343,12149
30343,652
30350,923
30350,12149
30350,1998
30356,12149
30374,923
30374,12149
30374,652
30403,923
30404,923
30420,1973
30421,923
30421,12149
30444,923
30451,923
30453,923
30455,923
30455,12149
30471,744
30471,73
30471,652
30471,12149
30472,923
30472,652
30472,12149
30480,923
30496,1973
30499,923
30501,923
30525,923
30528,1998
30517,1249
30544,748
30554,923
30555,744
30558,748
30559,923
30559,1998
30559,652
30560,1998
30561,923
30561,196
30574,196
30578,923
30580,196
30581,196
30584,748
30601,923
30601,652
30601,12149
30605,196
30606,748
30623,923
30627,923
30642,2183
30646,2954
30648,923
30648,1998
30648,652
30648,12149
30688,3345
30689,923
30691,748
3012,196
30697,923
30697,748
30706,923
30706,652
30706,183
30709,3345
30712,923
30713,923
30717,1998
30736,923
30747,1998
30747,923
30747,652
30747,12149
30750,1998
30750,652
30750,12149
30750,923
30755,196
30792,196
30796,20
30801,748
30802,748
30819,923
30822,2971
30827,148
30841,5307
30858,923
30858,1973
30860,2954
30864,923
30868,196
30911,652
30911,12149
30911,923
30925,923
30925,12149
30925,652
30930,923
30930,652
30947,923
30947,652
30947,183
30974,923
30974,1973
30976,748
30979,923
30979,652
30979,183
30980,196
30984,196
30984,10729
30986,923
30986,1998
30990,923
30990,652
30990,12149
30963,923
30963,652
30963,12149
31022,196
31023,1585
31023,11002
31032,923
31032,1998
31032,652
31032,12149
31043,923
31058,1585
31059,1998
31059,923
31059,652
31059,183
31060,923
31060,652
31060,12149
31072,923
31072,12149
31091,748
31101,12149
31101,652
31074,923
31074,652
31074,12149
31104,148
31106,923
31106,652
31107,923
31107,652
31113,748
31127,923
31127,748
31127,652
31128,923
31128,652
31128,183
31139,923
31139,1998
31139,652
31139,12149
31145,196
31146,196
31146,923
31150,923
31150,748
31149,196
31129,923
31129,183
31129,652
31167,4441
31167,1411
31174,4729
31175,196
31180,923
31180,652
31180,12149
31199,9967
31198,748
31198,923
31202,196
31178,923
31178,183
31178,1998
31224,196
31229,748
31239,923
31239,1998
31242,1830
31241,748
31266,1961
31267,923
31272,6326
31273,923
31274,923
31275,196
31279,196
31281,196
31282,196
31290,748
31294,923
31294,183
31301,196
31317,923
31317,652
31317,12149
31327,923
31327,12149
31328,196
31329,744
31330,7354
31332,744
31332,1998
31335,748
31344,748
31358,923
31358,12149
31358,652
31360,744
31355,744
31366,923
31366,183
31366,652
31366,1998
31372,744
31333,923
31385,923
31386,196
31391,1930
31391,201
31398,923
31398,183
31398,652
31412,923
31415,923
31416,4897
31443,748
31444,923
31444,183
31442,923
31446,923
31446,652
31446,12149
31453,923
31453,652
31453,183
31458,923
31466,1715
31466,3356
31468,744
31468,196
31475,748
31479,748
31482,196
31484,11002
31484,1585
31485,923
31485,1998
31485,652
31454,923
31454,652
31454,12149
31495,3288
31531,196
31539,923
31540,12149
31540,652
31541,196
31548,748
31554,744
31561,923
31568,923
31568,183
31568,652
31569,923
31574,196
31583,923
31583,1998
31583,183
31583,652
31584,748
31585,923
31585,1998
31585,652
31585,183
31591,196
31602,923
31604,196
31607,923
31607,652
31607,12149
31623,923
31623,652
31623,183
31630,923
31631,196
31633,748
31634,923
31634,652
31634,183
31635,3288
31635,652
31635,183
31636,923
31646,196
31651,923
31651,652
31651,183
31657,923
31657,1998
31657,652
31657,183
31658,744
31662,744
31663,744
31663,1998
31664,748
31641,923
31641,652
31641,183
31638,923
31638,196
31674,923
31675,196
31682,923
31682,12149
31682,652
31683,20
31685,748
31686,923
31700,923
31700,652
31700,183
31701,744
31661,20
31703,196
31706,196
31709,923
31709,652
31709,183
31710,923
31710,652
31710,183
31711,748
31712,923
31712,183
31713,196
31713,923
31713,652
31713,183
31714,196
31715,748
31715,744
31725,6305
31725,652
31725,183
31731,744
3370,744
31755,196
31756,196
31758,923
31759,923
31770,196
31771,196
31772,744
31772,748
31777,6264
31785,3645
31787,744
31789,387
31790,923
31800,652
31800,183
31802,196
31804,923
31808,183
31822,748
31825,2318
31827,748
31827,923
31847,923
31847,6326
31848,387
31849,923
31880,183
31880,923
31881,662
31896,923
31896,652
31898,2954
31901,183
31901,652
31902,196
31913,923
31913,652
31913,12149
31917,12149
31917,923
31917,652
31920,1585
31920,11002
31921,923
31922,652
31922,12149
31922,923
31924,5307
31923,923
31923,652
31923,12149
31929,1998
31956,12149
31956,652
31958,12149
31958,923
31958,652
31959,923
31961,12149
31978,923
31978,652
31978,112149
31979,923
31985,196
31991,923
31991,652
31991,12149
31990,923
31990,652
31990,12149
31963,748
32009,3558
32016,196
32017,196
32018,923
32018,652
32018,12149
32021,923
32021,12149
32022,923
32022,1998
32024,9967
32024,923
32026,9967
32027,196
32028,748
32033,196
32034,196
32035,196
32035,1897
32044,1998
32045,1998
32051,923
32051,652
32051,12149
32050,196
32053,2954
32055,196
32058,923
32067,748
32069,923
32046,196
32085,196
32089,3191
32125,923
32125,1998
32128,196
32130,923
32130,1998
32130,652
32130,12149
32167,923
32167,652
32167,12149
32178,1998
32178,923
32178,12149
32178,652
32179,748
32180,748
32182,923
32182,12149
32192,748
32206,923
32208,923
32213,748
32226,1585
32226,12534
32227,1585
32227,12534
32230,923
32230,652
32230,12149
32238,1998
32241,748
32244,923
32244,652
32244,183
32246,196
32252,923
32253,923
32261,183
32262,1830
32264,196
32270,196
32284,1794
32296,196
32308,923
32308,196
32308,652
32308,12149
32318,923
32318,12149
32318,652
32329,196
32316,923
32316,652
32316,12149
32368,196
32375,923
32377,1998
32386,196
32388,2954
32389,923
32396,1998
32397,923
32404,923
32410,923
32427,196
32430,290
32437,748
32460,923
32473,196
32513,196
32482,923
32492,923
32492,12149
32494,923
32495,196
32514,923
32514,652
32514,12149
32515,6008
3508,183
3508,652
32609,923
32609,12149
32611,923
32611,652
32611,12149
32614,923
32614,652
32614,12149
32672,196
32673,196
32678,923
32678,652
32690,748
32690,923
32690,652
32693,923
32693,652
32693,12149
32694,923
32699,744
32702,923
7074,923
7074,12149
32712,748
32718,748
32724,923
32724,652
32724,12145
32729,196
32748,923
32748,652
32748,12149
32751,923
32749,923
32749,12149
32752,923
32759,744
32758,744
32762,923
32764,923
32766,923
32766,12149
32766,652
32769,744
32778,183
32779,183
32794,923
32794,652
32794,12149
32795,6936
32802,196
32802,923
32803,196
32803,923
32803,652
32803,12149
32805,196
32777,923
32810,196
32810,923
32810,652
32810,12149
32838,196
32838,923
32838,12149
32838,652
32840,923
32841,923
32841,652
32841,12149
32845,748
32847,923
32850,923
32850,196
32850,12149
32855,923
32855,748
32855,652
32855,12149
32856,196
32857,183
32859,748
32859,923
32861,196
32864,748
32865,748
32879,196
32878,196
32878,923
32878,652
32878,12149
32887,3558
32858,748
32858,923
32894,923
32907,923
32907,12149
32907,652
32921,196
32922,923
32922,183
32923,923
32924,923
32924,652
32924,183
32925,104
32929,196
32938,196
32939,923
32939,12149
32939,652
32940,923
32940,183
32936,923
32941,923
32941,12149
32941,652
32942,923
32942,652
32942,12149
32947,1403
32950,1403
32952,196
32952,923
32957,196
32957,923
32957,652
32957,12149
32964,748
32966,923
32966,748
32966,652
32966,12149
32972,923
32972,748
32972,652
32972,12149
32973,196
32974,923
32974,748
32974,652
32974,12149
32976,923
32976,652
32976,12149
32978,923
32978,652
32978,12149
32979,923
32979,652
32979,12149
32980,923
32980,652
32980,183
32961,1500
32993,3645
33001,923
33001,652
33005,923
33005,652
33005,12149
33028,923
33028,12149
33028,652
33029,923
33033,923
33033,12149
33037,196
33040,4441
33040,1411
33067,923
33073,196
33073,2325
33078,923
33078,652
33078,12149
33079,923
33079,652
33079,12149
33099,196
33101,748
5703,748
33098,923
33098,652
33098,12149
33120,7766
33135,196
33135,923
33136,923
33137,923
33141,923
33141,1998
33150,2954
33132,4430
33158,923
33181,923
33181,652
33181,12149
33213,183
33231,923
33231,652
33231,12149
33254,923
33254,1998
33254,652
33254,12149
33262,196
33262,923
33262,652
33262,12149
33270,923
33270,652
33270,12149
33271,923
33271,12149
33275,196
33250,923
33285,923
33286,196
33287,196
33291,183
33292,196
33295,923
33295,183
33296,923
33296,1998
33303,196
33303,923
33307,923
33307,1998
33289,196
33315,923
33316,923
33316,12149
33316,652
33318,923
33318,183
33331,923
33331,652
33331,12149
33332,196
33334,4441
33334,4495
33338,923
33338,748
33338,12149
33338,652
33341,196
33342,196
10383,923
10383,12149
33344,923
33345,8402
33345,8403
33347,4897
33350,923
33350,652
33360,196
33361,923
33361,652
33361,12149
33363,923
33364,183
33364,923
33364,183
33365,923
33365,183
33369,923
33372,923
33372,1998
33372,652
33375,12149
33375,923
33375,652
33376,923
33351,923
33351,652
33377,923
33377,12149
33388,923
33388,652
33388,12149
33389,923
33390,923
33394,923
33395,923
33395,1998
33395,652
33395,183
33396,923
33396,652
33396,1998
33396,12149
33397,923
33374,923
33374,183
33442,923
33443,11820
33471,923
33472,923
33475,923
33475,652
33475,12149
33477,1925
33502,1998
33503,1998
33504,652
33504,923
33504,12149
33509,923
33509,652
33509,12149
33520,12149
33520,652
33520,923
33522,196
33524,923
33526,923
33527,923
33534,12149
33534,923
33534,652
33538,923
33538,12149
33538,652
33540,923
33540,12149
33540,652
33541,923
33546,6326
33554,923
33554,652
33554,12149
33554,1998
33558,1583
33563,923
33573,923
33573,12149
33573,652
33576,923
33576,652
33576,12149
33576,1998
33577,923
33577,652
33577,12149
33581,923
33581,183
33582,923
33583,923
33594,923
33594,652
33594,12149
33600,748
33600,652
33600,12149
33610,282
33611,282
33614,748
33616,923
33616,12149
33616,652
33617,196
33624,923
33624,652
33624,12149
33629,196
33630,923
33630,12149
33630,652
33631,196
33634,923
33634,12149
33635,923
33635,1998
33636,196
33636,923
33637,196
33638,196
33639,196
33640,923
33640,12149
33640,652
33642,923
33642,12149
33642,652
33644,923
33644,12149
33644,652
33648,12149
33648,652
33648,1998
33648,923
33669,748
33683,923
33683,12149
33690,1998
33694,923
33694,1998
33697,20
33698,20
33700,923
33701,7956
33702,2183
33706,923
33707,748
33708,196
33711,923
33711,652
33721,923
33735,923
33735,652
33735,12149
33740,2954
33746,923
33746,12149
33751,12149
33751,923
33751,652
33773,923
33773,12149
33773,652
33786,196
33790,196
33793,923
33793,12149
33793,652
33796,1500
33798,923
33807,1500
33814,748
33819,196
33820,3735
33827,196
33842,196
33848,12149
33848,652
33853,748
33858,923
33858,183
33861,183
33862,923
33866,923
33870,748
33886,923
33908,923
33908,12149
33908,652
33909,923
33909,12149
33911,923
33911,12149
33912,923
33912,12149
33912,652
33928,923
33930,196
33935,923
33935,183
33935,652
33940,196
33942,923
33942,1998
33950,196
33957,923
33957,652
33957,183
33964,748
34008,923
34008,12149
34008,652
34011,1925
34011,9967
34012,9967
34012,1925
34013,923
33987,196
34018,1500
34020,748
34022,923
34022,652
34029,923
34029,652
34029,12149
34030,18910
34031,748
34044,196
34051,1998
34051,923
34051,652
34051,12149
34055,1998
34061,492
34068,748
34070,923
34074,1500
34075,196
34071,748
34085,923
34085,652
34085,12149
34094,923
34094,748
34123,923
34123,652
34123,12149
34124,923
34124,652
34124,12149
34126,923
34126,652
34126,12149
34126,1998
34130,923
34130,1998
34130,652
34130,12149
34131,923
34131,652
34131,12149
34135,1998
34137,923
34137,652
34137,12149
34144,923
34144,652
34144,12149
34143,923
34143,652
34143,12149
34145,923
34145,652
34145,12149
34147,923
34147,652
34147,12149
34148,923
34148,652
34148,12149
34153,923
34153,652
34153,12149
34151,923
34151,652
34151,12149
34157,652
34157,183
34156,923
34156,652
34156,12149
34155,923
34155,652
34155,12149
34168,196
34168,923
34169,196
34174,923
34174,652
34174,12149
34176,923
34176,183
34181,12149
34184,923
34184,1998
34184,652
34184,12149
34183,12149
34183,652
34183,923
34187,923
34187,1998
34187,652
34187,12149
34192,923
34192,652
34192,1998
34192,12149
34197,923
34200,923
34200,652
34200,12149
34206,923
34206,12149
34206,652
34207,12149
34207,652
34208,923
34208,652
34208,12149
34216,923
34216,652
34216,12149
34223,923
34223,12149
34223,652
34217,12149
34217,652
34217,923
34239,12149
34239,652
34249,923
34253,652
34253,12149
34253,44
34254,196
34259,165
34270,12149
34279,923
34279,652
34279,12149
34284,923
34284,183
34284,652
34285,183
34285,652
34286,923
34287,923
34287,652
34287,878
34287,12149
34294,1961
34294,923
34303,5643
34303,2954
34303,858
34304,923
34310,748
34311,748
34313,196
34318,1525
34333,923
34336,923
34336,652
34338,605
34339,196
34357,923
34368,1500
34372,923
34372,12149
2103,923
34373,923
34373,12149
34381,748
34385,923
34385,1973
34398,12149
34398,923
34398,652
34400,196
34391,196
34433,196
34446,748
34447,196
34448,4890
34448,748
34451,183
34449,183
34450,196
34450,189
16302,183
16302,923
16302,652
34460,183
34460,652
34469,923
34469,652
34469,12149
34473,196
34487,923
34488,196
34488,149
34488,923
34491,183
34508,923
34508,748
34510,52
34510,652
34524,183
34524,652
34524,196
34549,1500
34550,183
34550,652
34558,196
34563,923
34564,923
34568,1500
34573,11002
34577,923
34577,12149
34577,652
34594,923
34594,652
34594,748
34600,1973
34608,183
34614,183
34616,183
34616,652
34619,2954
34629,923
34636,923
34636,1998
34636,652
34647,4202
34647,8063
34647,196
34651,652
34651,12149
34651,923
34671,748
34672,748
34673,652
34673,748
34674,12149
34674,652
34674,923
34676,923
34676,652
34676,12149
34685,878
34691,196
34693,196
34694,6936
34702,196
34702,28375
34707,196
34708,923
34708,652
34708,183
34713,923
34716,183
34718,183
34718,923
34738,923
34738,10729
34741,923
34741,652
34744,183
34747,183
34747,923
34747,652
34766,744
34767,744
34768,196
34783,12149
34785,744
34784,1585
34795,923
34795,652
34795,12149
34799,923
34799,652
34799,12149
34895,652
34895,12149
34902,12149
34903,183
34908,12149
34939,183
34939,652
34946,923
34946,8043
34952,196
34952,923
34961,183
34961,923
35017,183
35033,923
35033,183
35035,923
35036,183
35036,923
35039,652
35039,923
35039,183
35040,923
35040,183
35050,1973
35050,748
35051,196
35069,12149
35069,652
35070,12149
35070,652
35072,748
35078,183
35079,12149
35079,652
35079,923
35108,923
35127,923
35127,183
35127,652
35129,923
35129,652
35129,183
35165,923
35168,12149
35181,923
35181,652
35181,12149
35182,923
35182,652
35182,12149
35185,183
35186,923
35186,652
35186,12149
34989,196
34990,923
34990,652
34990,12149
34995,196
35003,748
35196,1585
35224,183
35224,196
35232,196
35238,923
35250,923
35250,652
35258,923
35258,652
35258,12149
35262,923
35262,652
35262,12149
35275,13880
35276,28468
35301,183
35301,923
35301,652
35318,12149
35331,1998
35336,923
35336,652
35336,12149
35351,923
35357,923
35357,12149
35357,652
35365,923
35365,652
35365,12149
35396,20
35409,923
35409,12149
35409,652
35413,10729
35413,1998
35426,196
35432,196
35441,10645
35461,923
35461,12149
35461,652
35462,99
35467,923
35467,652
35467,12149
35468,923
35469,4168
35470,923
35470,1998
35473,923
35473,183
35473,652
35487,744
35494,196
35495,196
35495,923
35508,183
35517,183
35541,196
35550,923
35552,923
35553,923
35553,652
35553,12149
35559,923
35559,652
35559,12149
35560,923
35560,12149
35562,196
35563,923
35563,196
35563,652
35563,12149
35567,923
35567,652
35567,12149
35568,923
35568,652
35568,12149
35575,744
35577,196
35587,183
35589,183
35597,923
35600,923
35600,652
35600,183
35604,923
35605,652
35607,183
35607,652
35612,923
35612,652
35612,12149
35616,1500
35625,10698
35677,744
35678,744
35652,923
35652,652
35658,923
35659,196
35660,196
35665,923
35665,652
35665,12149
